gene_symbol	source_genetic_defect	disease	inheritance	mechanism	is_dominant	is_recessive	is_x_linked	omim	t_cell_count	b_cell_count	immunoglobulin_levels	neutrophil_count	other_affected_cells	associated_features	major_category	subcategory	source_row
	11q23del	Chromosome 11q deletion syndrome (Jacobsen syndrome)	AD		true	false	false	147791	Variably low	Decreased numbers of B cells and switched memory B cells	Variably low	Normal		Recurrent respiratory infections, multiple warts, facial dysmorphism, growth retardation	Table 2 Combined immunodeficiencies with associated or syndromic features	Subtable 3 Thymic Defects with Additional Congenital Anomalies	2
	14q32 deletion or mutation	Ig heavy chain mutations and deletions	AR		false	true	false		Normal	Normal	Low			May be asymptomatic	Table 3 Predominantly Antibody Deficiencies	Subtable 4 Isotype, Light Chain, or Functional Deficiencies with Generally Normal Numbers of B Cells	3
ACD	ACD	DKCA6	AD		true	false	false	616553	normal to low	Normal to low			Hematopoietic stem cell	Bone marrow failure, pulmonary and hepatic fibrosis, nail dystrophy, leukoplakia, reticulate skin pigmentation; microcephaly, neurodevelopmental delay	Table 9 Bone marrow failure		4
ACD	ACD	DKCA6	AR		false	true	false	616553	normal to low	Normal to low			Hematopoietic stem cell	Bone marrow failure, pulmonary and hepatic fibrosis, nail dystrophy, leukoplakia, reticulate skin pigmentation; microcephaly, neurodevelopmental delay	Table 9 Bone marrow failure		5
ACP5	ACP5	Spondyloenchondro-dysplasia with immune dysregulation (SPENCD)	AR		false	true	false	171640						Short stature, SP, ICC, SLE, thrombocytopenia and autoimmune hemolytic anemia, possibly recurrent bacterial and viral infections	Table 7 Autoinflammatory Disorders	Subtable 1 Type 1 Interferonopathies	6
ACTB	ACTB	b actin deficiency	AD		true	false	false	102630						Mental retardation, short stature	Table 5 Congenital defects of phagocyte number or function	Subtable 2 Defects of Motility	7
ADA	ADA	Adenosine deaminase (ADA) deficiency	AR		false	true	false	608958	Very low	Low, decreasing	Low	Normal	Low NK	Low NK, bone defects, may have pulmonary alveolar proteinosis, cognitive defects	Table 1 Immunodeficiencies affecting cellular and humoral immunity	Subtable 2 T-B- SCID	8
ADA2	ADA2	ADA2 deficiency	AR		false	true	false	607575						Polyarteritis nodosa, childhood-onset, early-onset recurrent ischemic stroke and fever	Table 7 Autoinflammatory Disorders	Subtable 1 Type 1 Interferonopathies	9
ADAM17	ADAM17	ADAM17 deficiency	AR		false	true	false	614328	Normal	Normal	Normal	Normal	Leukocytes and epithelial cells	Early onset diarrhea and skin lesions	Table 7 Autoinflammatory Disorders	Subtable 3 Non-Inflammasome Related Conditions	10
ADAR	ADAR1	ADAR1 deficiency, AGS6	AR		false	true	false	146920	Normal	Normal	Normal	Normal		Classical AGS, BSN, SP	Table 7 Autoinflammatory Disorders	Subtable 1 Type 1 Interferonopathies	11
AICDA	AICDA	AID deficiency	AR		false	true	false	605257			Low IgG and IgA with normal or high IgM			Bacterial infections, enlarged lymph nodes and germinal centers	Table 3 Predominantly Antibody Deficiencies	Subtable 3 Severe Reduction in Serum IgG and IgA with Normal/Elevated IgM and Normal Numbers of B cells, Hyper IgM	12
AICDA	AICDA	AID deficiency	AD		true	false	false	605257*		Normal	Low IgG and IgA with normal or high IgM			Bacterial infections, enlarged lymph nodes and germinal centers	Table 3 Predominantly Antibody Deficiencies	Subtable 3 Severe Reduction in Serum IgG and IgA with Normal/Elevated IgM and Normal Numbers of B cells, Hyper IgM	13
AIRE	AIRE	APECED (APS-1), autoimmune polyendocrinopathy with candidiasis and ectodermal dystrophy	AR		false	true	false	607358	Normal	Normal	Normal	Normal		Autoimmunity: hypoparathyroidism hypothyroidism, adrenal insufficiency, diabetes, gonadal dysfunction and other endocrine abnormalities, chronic mucocutaneous candidiasis, dental enamel hypoplasia, alopecia areata enteropathy, pernicious anemia	Table 4 Diseases of Immune Dysregulation	Subtable 4 Autoimmunity with or without Lymphoproliferation	14
AIRE	AIRE	APECED (APS-1), autoimmune polyendocrinopathy with candidiasis and ectodermal dystrophy	AD		true	false	false	607358	Normal	Normal	Normal	Normal		Autoimmunity: hypoparathyroidism hypothyroidism, adrenal insufficiency, diabetes, gonadal dysfunction and other endocrine abnormalities, chronic mucocutaneous candidiasis, dental enamel hypoplasia, alopecia areata enteropathy, pernicious anemia	Table 4 Diseases of Immune Dysregulation	Subtable 4 Autoimmunity with or without Lymphoproliferation	15
AK2	AK2	Reticular dysgenesis	AR		false	true	false	103020	Very low	Nl to low	Low	Low		Deafness	Table 1 Immunodeficiencies affecting cellular and humoral immunity	Subtable 2 T-B- SCID	16
ALPK1	ALPK1	Retinal dystrophy, optic nerve oedema, splenomegaly, anhidrosis, and headache (ROSAH)	AD		true	false	false	614979						Retinal dystrophy, optic nerve edema, splenomegaly, anhidrosis, and migraine headache, fever, arthritis, colitis, dental abnormalities	Table 7 Autoinflammatory Disorders	Subtable 3 Non-Inflammasome Related Conditions	17
ALPI	ALPI	ALPI deficiency	AR		false	true	false	171740	Normal	Normal	Normal	Normal	Intestinal epithelial cells	Inflammatory bowel disease	Table 7 Autoinflammatory Disorders	Subtable 3 Non-Inflammasome Related Conditions	18
AP1S3	AP1S3	AP1S3 deficiency	AR		false	true	false	615781	Normal	Normal	Normal	Normal	Keratinocytes	Pustular psoriasis	Table 7 Autoinflammatory Disorders	Subtable 3 Non-Inflammasome Related Conditions	19
AP3B1	AP3B1	Hermansky-Pudlak syndrome, type 2	AR		false	true	false	603401	Normal	Normal		Low		Partial albinism, recurrent infections, pulmonary fibrosis, increased bleeding, HLH	Table 4 Diseases of Immune Dysregulation	Subtable 2 FHL Syndromes with Hypopigmentation	20
AP3D1	AP3D1	Hermansky-Pudlak syndrome, type 10	AR		false	true	false	617050	Normal	Normal		Low		Oculocutaneous albinism, recurrent infections, seizures, hearing loss and neurodevelopmental delay	Table 4 Diseases of Immune Dysregulation	Subtable 2 FHL Syndromes with Hypopigmentation	21
APOL1	APOL1	Trypanosomiasis susceptibility	AD		true	false	false	603743	Normal	Normal	Normal	Normal		Trypanosomiasis	Table 6 Defects in intrinsic and innate immunity	Subtable 8 Other Inborn Errors of Immunity Related to Non-Hematopoietic Tissues	22
ARHGEF1	ARHGEF1	ARHGEF1 deficiency	AR		false	true	false	618459			Low			Recurrent infections, bronchiectasis	Table 3 Predominantly Antibody Deficiencies	Subtable 2 CVID Phenotype	23
ARPC1B	ARPC1B	ARPC1B deficiency	AR		false	true	false	604223	Normal	Normal Numbers	High IgE			Mild thrombocytopenia with normal sized platelets, recurrent invasive infections, colitis, vasculitis, autoantibodies (ANA, ANCA), eosinophilia, defective Arp2/3, filament branching	Table 2 Combined immunodeficiencies with associated or syndromic features	Subtable 1 Immunodeficiency with Congenital Thrombocytopenia	24
ARPC5	ARPC5	ARPC5 deficiency	AR		false	true	false	620565	Low-normal CD4	increased	Normal		Increased NKT cells, neutrophils	Severe infections, autoimmunity, some dysmorphic features	Table 4 Diseases of Immune Dysregulation	Subtable 4 Autoimmunity with or without Lymphoproliferation	25
ATAD3A	ATAD3A	ATAD3A deficiency	AD		true	false	false							Predominantly neuro defects (development delay, spasticity), elevated ISG expression, increased serum type 1 IFNs	Table 7 Autoinflammatory Disorders	Subtable 1 Type 1 Interferonopathies	26
ATAD3A	ATAD3A	ATAD3A deficiency	AR		false	true	false							Predominantly neuro defects (development delay, spasticity), elevated ISG expression, increased serum type 1 IFNs	Table 7 Autoinflammatory Disorders	Subtable 1 Type 1 Interferonopathies	27
ATG4A	ATG4A	ATG4A	AD		true	false	false			Normal	Normal	Normal		Mollaret's meningitis HSV2	Table 6 Defects in intrinsic and innate immunity	Subtable 4 Herpes Simplex Encephalitis (HSE)	28
ATM	ATM	Ataxia-telangiectasia	AR		false	true	false	607585	Progressive decrease, abnormal proliferation to mitogens	Normal	Variable			Ataxia, telangiectasia, pulmonary infections, lymphoreticular and other malignancies, increased alpha fetoprotein, increased radiosensitivity, chromosomal instability and chromosomal translocations	Table 2 Combined immunodeficiencies with associated or syndromic features	Subtable 2 DNA Repair Defects other than those listed in Table 1	29
ATP6AP1	ATP6AP1	ATP6AP1 deficiency	XL		false	false	true	300197			Variable			Hepatopathy, leukopenia, low copper	Table 3 Predominantly Antibody Deficiencies	Subtable 2 CVID Phenotype	30
B2M	B2M	MHC class I deficiency	AR		false	true	false	109700	Low CD8, Nl CD4, absent MHC I on lymphocytes	Normal	Normal			Sinopulmonary infections, cutaneous granulomas. Absent β2m associated proteins MHC-I, CD1a, CD1b, CD1c	Table 1 Immunodeficiencies affecting cellular and humoral immunity	Subtable 3 Combined Immunodeficiencies Generally Less Profound than Severe Combined Immunodeficiency	31
BACH2	BACH2	BACH2 deficiency	AD		true	false	false	605394	Progressive T cell lymphopenia	Impaired memory B cell development	Low	Normal		Lymphocytic colitis, sinopulmonary infections	Table 4 Diseases of Immune Dysregulation	Subtable 3 Regulatory T Cell Defects	32
BCL10	BCL10	BCL10 deficiency	AR		false	true	false	616098	Nl number, low memory T and Treg cells, poor antigen and anti-CD3 proliferation	Nl number, decreased memory and switched B cells				Recurrent bacterial and viral infections, candidiasis, gastroenteritis	Table 1 Immunodeficiencies affecting cellular and humoral immunity	Subtable 3 Combined Immunodeficiencies Generally Less Profound than Severe Combined Immunodeficiency	33
BCL11B	BCL11B	BCL11B deficiency	AD		true	false	false	617237	Low	Normal	Normal			Congenital abnormalities, neonatal teeth, dysmorphic facies, absent corpus callosum, neurocognitive deficits	Table 2 Combined immunodeficiencies with associated or syndromic features	Subtable 9 Other Combined immunodeficiencies wwith syndromic features	34
BLM	BLM	Bloom Syndrome	AR		false	true	false	604610	Normal	Normal	Low			Short stature, dysmorphic facies, sun-sensitive erythema, marrow failure, leukemia, lymphoma, chromosomal instability	Table 2 Combined immunodeficiencies with associated or syndromic features	Subtable 2 DNA Repair Defects other than those listed in Table 1	35
BLNK	BLNK	BLNK deficiency	AR		false	true	false	604515	Normal	Very low	Very low			Severe bacterial infections, normal numbers of pro-B cells	Table 3 Predominantly Antibody Deficiencies	Subtable 1 Agammaglobulinemia	36
BRCA1	BRCA1	Fanconi Anemia Type S	AR		false	true	false	617883	normal to low	Normal to low			Hematopoietic stem cell	normal to low NK, CNS, skeletal, skin, cardiac, GI, urogenital anomalies, increased chromosomal breakage	Table 9 Bone marrow failure		37
BRCA2	BRCA2	Fanconi Anemia Type D1	AR		false	true	false	605724	normal to low	Normal to low			Hematopoietic stem cell	Normal to low NK, CNS, skeletal, skin, cardiac, GI, urogenital anomalies, increased chromosomal breakage	Table 9 Bone marrow failure		38
BRIP1	BRIP1	Fanconi Anemia Type J	AR		false	true	false	609054	normal to low	Normal to low			Hematopoietic stem cell	Normal to low NK, CNS, skeletal, skin, cardiac, GI, urogenital anomalies, increased chromosomal breakage	Table 9 Bone marrow failure		39
BTK	BTK	BTK deficiency, X-linked agammaglobulinemia (XLA)	XL		false	false	true	300300	Normal	Very low	Very low	Variable		Severe bacterial infections, normal numbers of pro-B cells	Table 3 Predominantly Antibody Deficiencies	Subtable 1 Agammaglobulinemia	40
C1QA	C1QA	C1q deficiency due to defects in C1QA	AR		false	true	false	120550	Normal	Normal	Normal	Normal		SLE, infections with encapsulated organisms	Table 8 Complement Deficiencies		41
C1QB	C1QB	C1q deficiency due to defects in C1QB	AR		false	true	false	120570	Normal	Normal	Normal	Normal		SLE, infections with encapsulated organisms	Table 8 Complement Deficiencies		42
C1QC	C1QC	C1q deficiency due to defects in C1QC	AR		false	true	false	120575	Normal	Normal	Normal	Normal		SLE, infections with encapsulated organisms	Table 8 Complement Deficiencies		43
C1R	C1R	C1r deficiency	AR		false	true	false	613785	Normal	Normal	Normal	Normal		SLE, infections with encapsulated organisms, Ehlers Danlos phenotype	Table 8 Complement Deficiencies		44
C1R	C1R	C1r Periodontal Ehlers Danlos	AD	GOF	true	false	false	613785	Normal	Normal	Normal	Normal		Normal CH50, Hyperpigmentation, skin fragility	Table 8 Complement Deficiencies		45
C1S	C1S	C1s deficiency	AR		false	true	false	120580	Normal	Normal	Normal	Normal		SLE, infections with encapsulated organisms, Ehlers Danlos phenotype	Table 8 Complement Deficiencies		46
C1S	C1S	C1s Periodontal Ehlers Danlos	AD	GOF	true	false	false	613785	Normal	Normal	Normal	Normal		Normal CH50, Hyperpigmentation, skin fragility	Table 8 Complement Deficiencies		47
C2	C2	C2 deficiency	AR		false	true	false	217000	Normal	Normal	Normal	Normal		SLE, infections with encapsulated organisms, atherosclerosis	Table 8 Complement Deficiencies		48
C2ORF69	C2orf69	C2orf69 deficiency	AR		false	true	false							Brain abnormalities (hypomyelination, microcephaly), liver dysfunction, severe and recurrent autoinflammation, leukoencephalopathy with recurrent seizures. Often fatal	Table 7 Autoinflammatory Disorders	Subtable 1 Type 1 Interferonopathies	49
C3	C3	C3 deficiency (LOF)	AR		false	true	false	120700	Normal	Normal	Normal	Normal		Infections , glomerulonephritis, atypical hemolytic-uremic syndrome with GOF mutations.	Table 8 Complement Deficiencies		50
C3	C3	C3 GOF	AD	GOF	true	false	false	120700	Normal	Normal	Normal	Normal		Atypical hemolytic-uremic syndrome , dense deposit disease	Table 8 Complement Deficiencies		51
C4A	C4A+C4B	Complete C4 deficiency	AR		false	true	false	120810	Normal	Normal	Normal	Normal		SLE, infections with encapsulated organisms , partial deficiency is common (either C4A or C4B) and appears to have a modest effect on host defense	Table 8 Complement Deficiencies		52
C4B	C4A+C4B	Complete C4 deficiency	AR		false	true	false	120810	Normal	Normal	Normal	Normal		SLE, infections with encapsulated organisms , partial deficiency is common (either C4A or C4B) and appears to have a modest effect on host defense	Table 8 Complement Deficiencies		52
C5	C5	C5 deficiency	AR		false	true	false	120900	Normal	Normal	Normal	Normal		Disseminated neisserial infections	Table 8 Complement Deficiencies		53
C6	C6	C6 deficiency	AR		false	true	false	217050	Normal	Normal	Normal	Normal		Disseminated neisserial infections	Table 8 Complement Deficiencies		54
C7	C7	C7 deficiency	AR		false	true	false	217070	Normal	Normal	Normal	Normal		Disseminated neisserial infections	Table 8 Complement Deficiencies		55
C8A	C8A	C8a deficiency	AR		false	true	false	120950	Normal	Normal	Normal	Normal		Disseminated neisserial infections	Table 8 Complement Deficiencies		56
C8B	C8B	C8bdeficiency	AR		false	true	false	120960	Normal	Normal	Normal	Normal		Disseminated neisserial infections	Table 8 Complement Deficiencies		57
C8G	C8G	C8g deficiency	AR		false	true	false	120930	Normal	Normal	Normal	Normal		Disseminated neisserial infections	Table 8 Complement Deficiencies		58
C9	C9	C9 deficiency	AR		false	true	false	120940	Normal	Normal	Normal	Normal		Mild susceptibility to disseminated neisserial infections	Table 8 Complement Deficiencies		59
CARD11	CARD11	CARD11 DN LOF	AD	DN	true	false	false	607210	Normal numbers, low mitogens	Normal numbers	High IgE, poor specific antibody production			Severe atopy, recurrent infections	Table 2 Combined immunodeficiencies with associated or syndromic features	Subtable 5 Hyper IgE Syndromes (HIES)	60
CARD11	CARD11	CARD11 GOF	AD	GOF	true	false	false	607210		High				Splenomegaly, lymphadenopathy, poor vaccine response	Table 3 Predominantly Antibody Deficiencies	Subtable 4 Isotype, Light Chain, or Functional Deficiencies with Generally Normal Numbers of B Cells	61
CARD11	CARD11	CARD11 deficiency (LOF)	AR		false	true	false	615206	Nl number, predominant naïve T-cells, poor proliferation	Normal, transitional B cell predominance				Pneumocystis jirovecii pneumonia, bacterial and viral infections	Table 1 Immunodeficiencies affecting cellular and humoral immunity	Subtable 3 Combined Immunodeficiencies Generally Less Profound than Severe Combined Immunodeficiency	62
CARD14	CARD14	CAMPS (CARD14 mediated psoriasis)	AD		true	false	false	602723					Mainly in keratinocytes	Psoriasis	Table 7 Autoinflammatory Disorders	Subtable 3 Non-Inflammasome Related Conditions	63
CARD9	CARD9	CARD9 deficiency	AR		false	true	false	607212	Normal	Normal	Normal	Normal	Mononuclear phagocytes	Invasive candidiasis infection, deep dermatophytoses, other invasive fungal infections	Table 6 Defects in intrinsic and innate immunity	Subtable 5 Predisposition to invasive fungal infections	64
CARMIL2	CARMIL2	RLTPR (CARMIL2) deficiency	AR		false	true	false	610859	Nl number, low Treg, high CD4, poor function	Nl number				Recurrent bacterial, fungal and mycobacterial infections, viral warts, molluscum and EBV lymphoproliferative and other malignancy, atopy	Table 4 Diseases of Immune Dysregulation	Subtable 7 Susceptibility to EBV and Lymphoproliferative Conditions	65
CASP10	CASP10	ALPS-Caspase10	AD		true	false	false	601762	Increased DN T cells	Normal	Normal	Normal		Adenopathies, splenomegaly, autoimmunity	Table 4 Diseases of Immune Dysregulation	Subtable 6 Autoimmune Lymphoproliferative Syndrome (ALPS, Canale Smith syndrome)	66
CASP8	CASP8	ALPS-Caspase 8	AR		false	true	false	601763	Slightly increased DN T cells	Normal	Low	Normal		Adenopathies, splenomegaly, bacterial and viral infections	Table 4 Diseases of Immune Dysregulation	Subtable 6 Autoimmune Lymphoproliferative Syndrome (ALPS, Canale Smith syndrome)	67
CBLB	CBLB	CBLB deficiency	AR		false	true	false	620430	Normal, hyperproliferative	Normal				Autoimmune polyendocrinopathy	Table 4 Diseases of Immune Dysregulation	Subtable 4 Autoimmunity with or without Lymphoproliferation	68
CCBE1	CCBE1	Hennekam-lymphangiectasia-lymphedema syndrome due to CCBE1 deficiency	AR		false	true	false	612753	Low/variable	Low/variable				Lymphangiectasia and lymphedema with facial abnormalities and other dysmorphic features	Table 2 Combined immunodeficiencies with associated or syndromic features	Subtable 9 Other Combined immunodeficiencies wwith syndromic features	69
CCR2	CCR2	CCR2 deficiency	AR		false	true	false						Monocytes affected	Pulmonary alveolar proteinosis, polycystic lung disease	Table 5 Congenital defects of phagocyte number or function	Subtable 2 Defects of Motility	70
CD19	CD19	CD19 deficiency	AR		false	true	false	107265			Low			Recurrent infections, may have glomerulonephritis	Table 3 Predominantly Antibody Deficiencies	Subtable 2 CVID Phenotype	71
MS4A1	CD20	CD20 deficiency	AR		false	true	false	112210			Low			Recurrent infections	Table 3 Predominantly Antibody Deficiencies	Subtable 2 CVID Phenotype	72
CR2	CD21	CD21 deficiency	AR		false	true	false	120650			Low			Recurrent infections	Table 3 Predominantly Antibody Deficiencies	Subtable 2 CVID Phenotype	73
CD247	CD247	CD3z deficiency	AR		false	true	false	186780	Very low	Normal	Low	Normal	No g/d T cells		Table 1 Immunodeficiencies affecting cellular and humoral immunity	Subtable 1 T-B+ SCID	74
CD27	CD27	CD27 deficiency	AR		false	true	false	615122	Normal	No memory B cells		Normal	Low iNKT	Features triggered by EBV infection, HLH, aplastic anemia, lymphoma	Table 4 Diseases of Immune Dysregulation	Subtable 7 Susceptibility to EBV and Lymphoproliferative Conditions	75
CD274	CD274	PD-L1 deficiency	AR		false	true	false		Normal with high DR	Low switched memory B cells			Low MAITs	Neonatal onset autoimmunity	Table 4 Diseases of Immune Dysregulation	Subtable 4 Autoimmunity with or without Lymphoproliferation	76
CD28	CD28	CD28 deficiency	AR		false	true	false		Normal numbers of T and myeloid cells with decreased NK cells	Normal numbers of total B cells and subsets	Normal serum IgM, G, A; • intact levels of pathogen-spec IgG			HPV susceptibility	Table 2 Combined immunodeficiencies with associated or syndromic features	Subtable 9 Other Combined immunodeficiencies wwith syndromic features	77
CD3D	CD3D	CD3d deficiency	AR		false	true	false	186790	Very low	Normal	Low	Normal	No g/d T cells		Table 1 Immunodeficiencies affecting cellular and humoral immunity	Subtable 1 T-B+ SCID	78
CD3E	CD3E	CD3e deficiency	AR		false	true	false	186830	Very low	Normal	Low	Normal	No g/d T cells		Table 1 Immunodeficiencies affecting cellular and humoral immunity	Subtable 1 T-B+ SCID	79
CD3G	CD3G	CD3g deficiency	AR		false	true	false	186740	Nl number, but low TCR expression	Normal	Nl				Table 1 Immunodeficiencies affecting cellular and humoral immunity	Subtable 3 Combined Immunodeficiencies Generally Less Profound than Severe Combined Immunodeficiency	80
CD40	CD40 (TNFRSF5)	CD40 deficiency	AR		false	true	false	109535	Normal	sIgM+, IgD+ cells present, absent sIgG+, IgA+ and IgE+ cells	IgM nl or high low IgG, IgA	Variable		Thrombocytopenia, hemolytic anemia, opportunistic infections, biliary tract and liver disease, Cryptosporidium infections	Table 1 Immunodeficiencies affecting cellular and humoral immunity	Subtable 3 Combined Immunodeficiencies Generally Less Profound than Severe Combined Immunodeficiency	81
CD40LG	CD40LG (TNFSF5)	CD40 ligand deficiency (CD154)	XL		false	false	true	300386	Nl to low	sIgM+, IgD+ cells present, absent sIgG+, IgA+ and IgE+ cells	IgM nl or high low IgG, IgA	Variable		Thrombocytopenia, hemolytic anemia, opportunistic infections, biliary tract and liver disease, Cryptosporidium infections	Table 1 Immunodeficiencies affecting cellular and humoral immunity	Subtable 3 Combined Immunodeficiencies Generally Less Profound than Severe Combined Immunodeficiency	82
CD46	CD46	Membrane Cofactor Protein (CD46) deficiency	AD		true	false	false	120920	Normal	Normal	Normal	Normal		Atypical hemolytic-uremic syndrome, infections, preeclampsia	Table 8 Complement Deficiencies		83
CD46	CD46	Membrane Cofactor Protein (CD46) deficiency	AR		false	true	false	120920	Normal	Normal	Normal	Normal		Atypical hemolytic-uremic syndrome, infections, preeclampsia	Table 8 Complement Deficiencies		84
CD55	CD55	CD55 deficiency (CHAPEL disease)	AR		false	true	false	125240	Normal	Normal	Low	Normal		Protein losing enteropathy, thrombosis	Table 8 Complement Deficiencies		85
CD59	CD59	Membrane Attack Complex Inhibitor (CD59) deficiency	AR		false	true	false	107271	Normal	Normal	Normal	Normal		Hemolytic anemia, polyneuropathy, thrombosis	Table 8 Complement Deficiencies		86
CD70	CD70	CD70 deficiency	AR		false	true	false	602840	Nl number, low Treg, poor activation and function	Nl number, poor antibody and memory responses		Normal		EBV susceptibility, Hodgkin lymphoma	Table 4 Diseases of Immune Dysregulation	Subtable 7 Susceptibility to EBV and Lymphoproliferative Conditions	87
CD79A	CD79A	Iga deficiency	AR		false	true	false	112205	Normal	Very low	Very low			Severe bacterial infections, normal numbers of pro-B cells	Table 3 Predominantly Antibody Deficiencies	Subtable 1 Agammaglobulinemia	88
CD79B	CD79B	Igb deficiency	AR		false	true	false	147245	Normal	Very low	Very low			Severe bacterial infections, normal numbers of pro-B cells	Table 3 Predominantly Antibody Deficiencies	Subtable 1 Agammaglobulinemia	89
CD81	CD81	CD81 deficiency	AR		false	true	false	186845			Low			Recurrent infections, may have glomerulonephritis	Table 3 Predominantly Antibody Deficiencies	Subtable 2 CVID Phenotype	90
CD8A	CD8A	CD8 deficiency	AR		false	true	false	186910	Absent CD8, nl CD4	Normal	Nl			Recurrent infections, may be asymptomatic	Table 1 Immunodeficiencies affecting cellular and humoral immunity	Subtable 3 Combined Immunodeficiencies Generally Less Profound than Severe Combined Immunodeficiency	91
CDC42	CDC42	CDC42 defects	AD		true	false	false		Variable T cell counts	Variable	Variable		Low NK function	Neonatal onset pancytopenia, fever, rash, HSM, HLH, myelofibrosis, developemntal delay, FTT. Recognized mutation-phenotype associations	Table 7 Autoinflammatory Disorders	Subtable 1 Type 1 Interferonopathies	92
CDCA7	CDCA7	Immunodeficiency with centromeric instability and facial anomalies, ICF3	AR		false	true	false	609937	responses to PHA may be decreased	Decreased or normal	Variably low IgG, IgA			Facial dysmorphic features, macroglossia, bacterial/opportunistic infections, malabsorption, cytopenias, malignancies, multiradial configurations of chromosomes 1, 9, 16	Table 2 Combined immunodeficiencies with associated or syndromic features	Subtable 2 DNA Repair Defects other than those listed in Table 1	93
CEBPE	CEBPE	Specific granule deficiency	AR	GOF	false	true	false	189965				Low		Neutrophils with bilobed nuclei	Table 5 Congenital defects of phagocyte number or function	Subtable 1 Congenital Neutropenias	94
CEBPE	CEBPE	CEBPE defects	AR		false	true	false	245480					Mild bleeding diathesis	Recurrent abdominal pain, aseptic fevers, inflammation, abscesses, type I IFN signature	Table 5 Congenital defects of phagocyte number or function	Subtable 2 Defects of Motility	95
CFB	CFB	Factor B GOF	AD	GOF	true	false	false	138470	Normal	Normal	Normal	Normal		Atypical Hemolytic-uremic syndrome	Table 8 Complement Deficiencies		96
CFB	CFB	Factor B LOF	AR		false	true	false	138470	Normal	Normal	Normal	Normal		Infections with encapsulated organisms	Table 8 Complement Deficiencies		97
CFD	CFD	Factor D deficiency	AR		false	true	false	134350	Normal	Normal	Normal	Normal		Neisserial infections	Table 8 Complement Deficiencies		98
CFH	CFH	Factor H deficiency	AR		false	true	false	134370	Normal	Normal	Normal	Normal		Infections, disseminated neisserial infections, atypical Hemolytic-uremic syndrome, preeclampsia, dense deposit disease	Table 8 Complement Deficiencies		99
CFH	CFH	Factor H deficiency	AD		true	false	false	134370	Normal	Normal	Normal	Normal		Infections, disseminated neisserial infections, atypical Hemolytic-uremic syndrome, preeclampsia, dense deposit disease	Table 8 Complement Deficiencies		100
CFHR1	CFHR1 CFHR2. CFHR3 CFHR4 CFHR5	Factor H –related protein deficiencies	AR		false	true	false	134371, 600889, 605336, 605337, 608593	Normal	Normal	Normal	Normal		Older onset atypical hemolytic-uremic syndrome, disseminated neisserial infections	Table 8 Complement Deficiencies		101
CFHR2	CFHR1 CFHR2. CFHR3 CFHR4 CFHR5	Factor H –related protein deficiencies	AR		false	true	false	134371, 600889, 605336, 605337, 608593	Normal	Normal	Normal	Normal		Older onset atypical hemolytic-uremic syndrome, disseminated neisserial infections	Table 8 Complement Deficiencies		101
CFHR3	CFHR1 CFHR2. CFHR3 CFHR4 CFHR5	Factor H –related protein deficiencies	AR		false	true	false	134371, 600889, 605336, 605337, 608593	Normal	Normal	Normal	Normal		Older onset atypical hemolytic-uremic syndrome, disseminated neisserial infections	Table 8 Complement Deficiencies		101
CFHR4	CFHR1 CFHR2. CFHR3 CFHR4 CFHR5	Factor H –related protein deficiencies	AR		false	true	false	134371, 600889, 605336, 605337, 608593	Normal	Normal	Normal	Normal		Older onset atypical hemolytic-uremic syndrome, disseminated neisserial infections	Table 8 Complement Deficiencies		101
CFHR5	CFHR1 CFHR2. CFHR3 CFHR4 CFHR5	Factor H –related protein deficiencies	AR		false	true	false	134371, 600889, 605336, 605337, 608593	Normal	Normal	Normal	Normal		Older onset atypical hemolytic-uremic syndrome, disseminated neisserial infections	Table 8 Complement Deficiencies		101
CFHR1	CFHR1 CFHR2. CFHR3 CFHR4 CFHR5	Factor H –related protein deficiencies	AD		true	false	false	134371, 600889, 605336, 605337, 608593	Normal	Normal	Normal	Normal		Older onset atypical hemolytic-uremic syndrome, disseminated neisserial infections	Table 8 Complement Deficiencies		102
CFHR2	CFHR1 CFHR2. CFHR3 CFHR4 CFHR5	Factor H –related protein deficiencies	AD		true	false	false	134371, 600889, 605336, 605337, 608593	Normal	Normal	Normal	Normal		Older onset atypical hemolytic-uremic syndrome, disseminated neisserial infections	Table 8 Complement Deficiencies		102
CFHR3	CFHR1 CFHR2. CFHR3 CFHR4 CFHR5	Factor H –related protein deficiencies	AD		true	false	false	134371, 600889, 605336, 605337, 608593	Normal	Normal	Normal	Normal		Older onset atypical hemolytic-uremic syndrome, disseminated neisserial infections	Table 8 Complement Deficiencies		102
CFHR4	CFHR1 CFHR2. CFHR3 CFHR4 CFHR5	Factor H –related protein deficiencies	AD		true	false	false	134371, 600889, 605336, 605337, 608593	Normal	Normal	Normal	Normal		Older onset atypical hemolytic-uremic syndrome, disseminated neisserial infections	Table 8 Complement Deficiencies		102
CFHR5	CFHR1 CFHR2. CFHR3 CFHR4 CFHR5	Factor H –related protein deficiencies	AD		true	false	false	134371, 600889, 605336, 605337, 608593	Normal	Normal	Normal	Normal		Older onset atypical hemolytic-uremic syndrome, disseminated neisserial infections	Table 8 Complement Deficiencies		102
CFI	CFI	Factor I deficiency	AD		true	false	false	217030	Normal	Normal	Normal	Normal		Atypical Hemolytic-uremic syndrome, preeclampsia	Table 8 Complement Deficiencies		103
CFI	CFI	Factor I deficiency	AR		false	true	false	217030	Normal	Normal	Normal	Normal		Infections (necapsulated bacteria), disseminated neisserial infections, CNS inflammatioon, vasculitis	Table 8 Complement Deficiencies		104
CFP	CFP	Properdin deficiency	XL		false	false	true	300383	Normal	Normal	Normal	Normal		Neisserial infections	Table 8 Complement Deficiencies		105
CFTR	CFTR	Cystic fibrosis	AR		false	true	false	602421				Normal	Macrophage dysfunction	Respiratory infections, pancreatic insufficiency, elevated sweat chloride	Table 5 Congenital defects of phagocyte number or function	Subtable 2 Defects of Motility	106
CHD7	CHD7	CHARGE syndrome due to CHD7 deficiency	AD		true	false	false	608892	Decreased or normal, response to PHA may be decreased	Normal	Normal or decreased	Normal		Coloboma, heart anomaly, choanal atresia, intellectual disability, genital and ear anomalies, CNS malformation, some are SCID-like and have low TRECs	Table 2 Combined immunodeficiencies with associated or syndromic features	Subtable 3 Thymic Defects with Additional Congenital Anomalies	107
CHUK	CHUK	CHUK deficiency	AR		false	true	false		Normal T, NK cell numbers. Accumulation of immature NK cells	B cell lymphopenia	Pan-hypogammaglobulinemia			Combined immunodeficiency, recurrent infections (Staphylococcus aureus, mucocutaneous candidiasis, epidermodysplasia verruciformis due to HPV). Absent secondary lymphoid tissues, lymphocytic infiltration of intestine and liver. Skeletal abnormalities, failure to thrive.Normal T cell proliferation, reduced NK function	Table 1 Immunodeficiencies affecting cellular and humoral immunity	Subtable 3 Combined Immunodeficiencies Generally Less Profound than Severe Combined Immunodeficiency	108
CIB1	CIB1	CIB1 deficiency	AR		false	true	false	618267					Keratinocytes	HPV (group B1) infections and cancer of the skin (typical EV)	Table 6 Defects in intrinsic and innate immunity	Subtable 2 Epidermodysplasia verruciformis (HPV)	109
CIITA	CIITA	MHC class II deficiency group A	AR		false	true	false	600005	Low CD4 cells Absent MHC II expression on lymphocytes	Normal	Normal to low			Respiratory and gastrointestinal infections, liver/biliary tract disease	Table 1 Immunodeficiencies affecting cellular and humoral immunity	Subtable 3 Combined Immunodeficiencies Generally Less Profound than Severe Combined Immunodeficiency	110
CLCN7	CLCN7	CLCN7 deficiency associated osteopetrosis	AR		false	true	false	602727					Osteoclasts	Osteopetrosis with hypocalcemia, neurologic features	Table 6 Defects in intrinsic and innate immunity	Subtable 8 Other Inborn Errors of Immunity Related to Non-Hematopoietic Tissues	111
CLCN7	CLCN7	CLCN7 deficiency associated osteopetrosis	AD		true	false	false	602727					Osteoclasts	Osteopetrosis with hypocalcemia, neurologic features	Table 6 Defects in intrinsic and innate immunity	Subtable 8 Other Inborn Errors of Immunity Related to Non-Hematopoietic Tissues	112
CLPB	CLPB	3-Methylglutaconic aciduria	AR		false	true	false	616254				Low		Neurocognitive developmental aberrations, microcephaly, hypoglycemia, hypotonia, ataxia, seizures, cataracts, IUGR	Table 5 Congenital defects of phagocyte number or function	Subtable 1 Congenital Neutropenias	113
CLPB	CLPB	3-Methylglutaconic aciduria	AD		true	false	false	616254				Low		Neurocognitive developmental aberrations, microcephaly, hypoglycemia, hypotonia, ataxia, seizures, cataracts, IUGR	Table 5 Congenital defects of phagocyte number or function	Subtable 1 Congenital Neutropenias	114
COPA	COPA	COPA defect	AD		true	false	false	6011924					PMN and tissue specific cells	Autoimmune inflammatory arthritis and interstitial lung disease with Th17 dysregulation and autoantibody production	Table 7 Autoinflammatory Disorders	Subtable 3 Non-Inflammasome Related Conditions	115
COPG1	COPG1	COPG1 deficiency	AR		false	true	false		T cell lymphopenia, mostly CD4	normal slightly reduced	near-normal levels of serum IgM, G, A • poor/absent Ig responses to vaccines			recurrent pneumonia, viral respiratory infections, bronchiectasis, chronic EBV, CMV viremia. Failure to thrive impaired T and B cell function in vitro	Table 1 Immunodeficiencies affecting cellular and humoral immunity	Subtable 3 Combined Immunodeficiencies Generally Less Profound than Severe Combined Immunodeficiency	116
CORO1A	CORO1A	Coronin-1A deficiency	AR		false	true	false	605000	Very low	Normal	Low	Normal		Detectable thymus, EBV	Table 1 Immunodeficiencies affecting cellular and humoral immunity	Subtable 1 T-B+ SCID	117
CRACR2A	CRACR2A	CRACR2A deficiency	AR		false	true	false		Mild CD4 T cell lymphopenia (low naïve CD4 T). Normal NK cell numbers	Normal B cell numbers, low switched memory B cells	Panhypogamma (IgG, undetectable; IgM, IgA low). intact B cell function in vitro			Later onset chronic diarrhea, recurrent lower respiratory tract infections, including pneumonia. Poor T cell activation/proliferation in vitro	Table 2 Combined immunodeficiencies with associated or syndromic features	Subtable 8 Calcium Channel Defects	118
CSF2RA	CSF2RA	Congenital pulmonary alveolar proteinosis due to CSF2RA mutations	XL		false	false	true	300770	Normal	Normal	Normal	Normal	Alveolar macrophages	Alveolar proteinosis	Table 5 Congenital defects of phagocyte number or function	Subtable 4 Other Non-Lymphoid Defects	119
CSF2RB	CSF2RB	Congenital pulmonary alveolar proteinosis due to CSF2RB mutations	AR		false	true	false	614370	Normal	Normal	Normal	Normal	Alveolar macrophages	Alveolar proteinosis	Table 5 Congenital defects of phagocyte number or function	Subtable 4 Other Non-Lymphoid Defects	120
CSF3R	CSF3R	G-CSF receptor deficiency	AR		false	true	false	138971				Low			Table 5 Congenital defects of phagocyte number or function	Subtable 1 Congenital Neutropenias	121
CTC1	CTC1	Coats plus syndrome due to CTC1 deficiency	AR		false	true	false	613129	Normal	Normal				Intrauterine growth retardation, sparse graying hair, dystrophic nails, trilinear bone marrow failure, osteopenia, gastrointestinal hemorrhage due to vascular ectasia, retinal telangiectasia, intracranial calcification, abnormal telomeres	Table 9 Bone marrow failure		122
CTLA4	CTLA4	CTLA4 deficiency (ALPSV)	AD		true	false	false	123890	Decreased	Decreased	Variable	Normal		Autoimmune cytopenias, enteropathy, interstitial lung disease, extra-lymphoid lymphocytic infiltration recurrent infections	Table 4 Diseases of Immune Dysregulation	Subtable 3 Regulatory T Cell Defects	123
CTNNBL1	CTNNBL1	CTNNBL1 deficiency	AR		false	true	false		Low, poor proliferation	Normal with low memory cells	Progressive hypogammaglobulinemia, impaired CSR, SHM			Hyperplastic GC	Table 3 Predominantly Antibody Deficiencies	Subtable 3 Severe Reduction in Serum IgG and IgA with Normal/Elevated IgM and Normal Numbers of B cells, Hyper IgM	124
CTPS1	CTPS1	CTPS1 deficiency	AR		false	true	false	615897	Nl to low, poor proliferation to antigen	Nl/low		Normal		Recurrent/chronic bacterial and viral infections (EBV, VZV), EBV lymphoproliferation, B-cell non-Hodgkin lymphoma	Table 4 Diseases of Immune Dysregulation	Subtable 7 Susceptibility to EBV and Lymphoproliferative Conditions	125
CTSC	CTSC	Papillon-Lefèvre Syndrome	AR		false	true	false	602365				Normal		Periodontitis, palmoplantar hyperkeratosis in some patients	Table 5 Congenital defects of phagocyte number or function	Subtable 2 Defects of Motility	126
CXCR2	CXCR2	CXCR2 deficiency	AR		false	true	false		Normal numbers of CD4+ T cells, variable CD8+ T cells, NK cells normal	Normal	High serum IgG, IgA, IgM	Severe neutropenia		Myelokathexis (3/6 pts), recurrent gingivitis, oral ulcers, hypergammaglobulinemia	Table 5 Congenital defects of phagocyte number or function	Subtable 1 Congenital Neutropenias	127
CXCR4	CXCR4	WHIM (Warts, Hypogammaglobulinemia, infections, Myelokathexis) syndrome	AD	GOF	true	false	false	162643	Variable	Variable	Variable	Variable	Granulocytes + Lymphocytes	Warts (HPV) infection, neutropenia, low B cell number, hypogammaglobulinemia	Table 6 Defects in intrinsic and innate immunity	Subtable 2 Epidermodysplasia verruciformis (HPV)	128
CYBA	CYBA	Autosomal recessive CGD p22phox	AR		false	true	false	608508			Normal	Normal	Neutrophil dysfunction	Infections, autoinflammatory phenotype	Table 5 Congenital defects of phagocyte number or function	Subtable 3 Defects of Respiratory Burst	129
CYBB	CYBB	X-linked chronic granulomatous disease (CGD), gp91phox	XL		false	false	true	300481			Normal	Normal	Neutrophil dysfunction	Infections, autoinflammatory phenotype, IBD, McLeod phenotype in patients with deletions extending into the contiguous Kell locus	Table 5 Congenital defects of phagocyte number or function	Subtable 3 Defects of Respiratory Burst	130
CYBB	CYBB	Macrophage gp91 phox deficiency	XL		false	false	true	300481	Normal	Normal	Normal	Normal	Macrophage dysfunction	Isolated susceptibility to mycobacteria	Table 6 Defects in intrinsic and innate immunity	Subtable 1 Mendelian Susceptibility to mycobacterial disease (MSMD)	131
CYBC1	CYBC1	Autosomal recessive CGD EROS	AR		false	true	false	618334			Normal	Normal	Neutrophil dysfunction		Table 5 Congenital defects of phagocyte number or function	Subtable 3 Defects of Respiratory Burst	132
DBF4	DBF4	DBF4 deficiency	AR		false	true	false					Low		Developmental delay	Table 5 Congenital defects of phagocyte number or function	Subtable 1 Congenital Neutropenias	133
DBR1	DBR1	DBR1 deficiency	AR		false	true	false		Normal	Normal	Normal	Normal	CNS resident cells and fibroblasts	HSE of the brainstem. Other viral infections of the brainstem.	Table 6 Defects in intrinsic and innate immunity	Subtable 4 Herpes Simplex Encephalitis (HSE)	134
DCLRE1B	DCLRE1B	DKC DCLRE1B	AR		false	true	false		Low naïve CD4	Low		Normal to low	B and NK lymphopenia	Early-onset hypocellular bone marrow failure, developmental anomalies, microcephaly, and/or intrauterine growth retardation	Table 9 Bone marrow failure	Subtable 1 Bone marrow failure	135
DCLRE1C	DCLRE1C	DCLRE1C (Artemis) deficiency	AR		false	true	false	605988	Very low	Very low	Low	Normal		Radiation sensitive	Table 1 Immunodeficiencies affecting cellular and humoral immunity	Subtable 2 T-B- SCID	136
DEF6	DEF6	DEF6 deficiency	AR		false	true	false	610094	Mild decrease	Low to normal	Normal	Normal	Impaired Treg function	Enteropathy, hepatosplenomegaly, cardiomyopathy, recurrent infections	Table 4 Diseases of Immune Dysregulation	Subtable 3 Regulatory T Cell Defects	137
	Del10p13-p14	Chromosome 10p13-p14 deletion Syndrome (10p13-p14DS)	AD		true	false	false	601362	Normal, rarely lymphopenia and decreased lymphoproliferation to mitogens and antigens, hypolastic thymus may be present	Normal	Normal	Normal		Hypoparathyroidism, renal disease, deafness, growth retardation, facial dysmorphism, cardiac defects may be present, recurrent infections +/-	Table 2 Combined immunodeficiencies with associated or syndromic features	Subtable 3 Thymic Defects with Additional Congenital Anomalies	138
DIAPH1	DIAPH1	DIAPH1 deficiency	AR		false	true	false		Decreased naive T cells, RTEs	hi naïve/transitional, low memory	Low IgM, normal IgG, variable IgA. Near normal vaccine resp			seizures, cortical blindness, microcephaly syndrome (SCBMS). Recurrent bacterial, viral, fungal infections, B-lymphoma. Decreased T cell activation/proliferation in vitro, impaired adhesion/MTOC repositioning to immune synapse, defective cytoskeletal organization and mitochondrial dysfunction in SCBMS pathogenesis	Table 2 Combined immunodeficiencies with associated or syndromic features	Subtable 9 Other Combined immunodeficiencies wwith syndromic features	139
DKC1	DKC1	DKCX1	XL		false	false	true	305000	normal to low	Normal to low			Hematopoietic stem cell	Bone marrow failure, pulmonary and hepatic fibrosis, nail dystrophy, leukoplakia, reticulate skin pigmentation; microcephaly, neurodevelopmental delay	Table 9 Bone marrow failure		140
DNAJC21	DNAJC21	Schwachman Diamond syndrome due to DNAJC21 deficiency	AR		false	true	false	617048				Low		Metaphyseal changes, short stature, developmental delay, pancreatic dysfunction, bone marrow failure	Table 5 Congenital defects of phagocyte number or function	Subtable 1 Congenital Neutropenias	141
DNASE1L3	DNASE1L3	DNASE1L3 deficiency	AR		false	true	false	602244						Systemic lupus erythematosus, lupus nephritis, hypocomplementemic urticarial vasculitis	Table 7 Autoinflammatory Disorders	Subtable 1 Type 1 Interferonopathies	142
DNASE2	DNASE2	DNASE2 deficiency	AR		false	true	false	126350						Glomerulonephritis, arthropathy, vasculitis	Table 7 Autoinflammatory Disorders	Subtable 1 Type 1 Interferonopathies	143
DNMT3B	DNMT3B	Immunodeficiency with centromeric instability and facial anomalies, ICF1	AR		false	true	false	602900	Decreased or normal, responses to PHA may be decreased	Decreased or normal	Variably low IgG, IgA			Facial dysmorphic features, developmental delay, macroglossia, bacterial/opportunistic infections, malabsorption, cytopenias, malignancies, multiradial configurations of chromosomes 1, 9, 16	Table 2 Combined immunodeficiencies with associated or syndromic features	Subtable 2 DNA Repair Defects other than those listed in Table 1	144
DOCK11	DOCK11	DOCK11 deficiency	XL		false	false	true	301109	Normal	Low class switched B cells				Early onset autoimmunity, IBD common	Table 4 Diseases of Immune Dysregulation	Subtable 5 Immune Dysregulation with Colitis	145
DOCK2	DOCK2	DOCK2 deficiency	AR		false	true	false	603122	Low	Normal	Low	Normal		Nl NK cells, but defective function. Poor interferon responses in hematopoietic and non-hematopoietic cells	Table 1 Immunodeficiencies affecting cellular and humoral immunity	Subtable 3 Combined Immunodeficiencies Generally Less Profound than Severe Combined Immunodeficiency	146
DOCK8	DOCK8	DOCK8 deficiency	AR		false	true	false	243700	Low, poor proliferation, few, poorly functioning Treg	Low, low CD27+ memory B cells Poor peripheral B cell tolerance.	Low IgM, normal to high IgG and IgA, high IgE		Low NK	Low NK cells with poor function, eosinophilia, recurrent infections, cutaneous viral, fungal and staphylococcal infections, severe atopy, cancer diathesis	Table 1 Immunodeficiencies affecting cellular and humoral immunity	Subtable 3 Combined Immunodeficiencies Generally Less Profound than Severe Combined Immunodeficiency	147
DPP9	DPP9	DPP9 deficiency	AR		false	true	false	620331					NLRP1 activation, pancytopenia,	Abnormal skin pigment, short stature, recurrent infections	Table 4 Diseases of Immune Dysregulation	Subtable 1 Familial Hemophagocytic Lymphohistiocytosis (FHL syndromes)	148
DUT	DUT	DUT deficiency	AR		false	true	false							Bone marrow failure, diabetes	Table 9 Bone marrow failure	Subtable 1 Bone marrow failure	149
EFL1	EFL1	Schwachman Diamond syndrome due to EFL1 deficiency	AR		false	true	false	617941				Low		Metaphyseal changes, short stature, developmental delay, pancreatic dysfunction, bone marrow failure	Table 5 Congenital defects of phagocyte number or function	Subtable 1 Congenital Neutropenias	150
ELANE	ELANE	Elastase deficiency (SCN1)	AD		true	false	false	130130				Low		Susceptibility to MDS/leukemia, Severe congenital neutropenia or cyclic neutropenia	Table 5 Congenital defects of phagocyte number or function	Subtable 1 Congenital Neutropenias	151
ELF4	ELF4	ELF deficiency	XL		false	false	true		Normal	Normal	Normal levels of serum IgM, G, A but reduced responses to live viral vaccines			Early onset mucosal autoinflammation/ IBD, fevers and ulcers. Responded to IL-1, TNF or IL-12p40 blockade. Hyper inflammatory macrophages	Table 4 Diseases of Immune Dysregulation	Subtable 5 Immune Dysregulation with Colitis	152
EPG5	EPG5	Vici syndrome due to EPG5 deficiency	AR		false	true	false	615068	Profound depletion of CD4+ cells	Defective				Agenesis of the corpus callosum, cataracts, cardiomyopathy, skin hypopigmentation, intellectual disability, microcephaly, recurrent infections, chronic mucocutaneous candidiasis	Table 2 Combined immunodeficiencies with associated or syndromic features	Subtable 9 Other Combined immunodeficiencies wwith syndromic features	153
ERBIN	ERBIN	ERBIN deficiency	AD		true	false	false	606944	Increased Treg	Normal	Normal to increased IgE	Normal		Recurrent respiratory infections, susceptibility to S. aureus, eczema, hyperextensible joints, scoliosis, arterial dilatation in some	Table 2 Combined immunodeficiencies with associated or syndromic features	Subtable 5 Hyper IgE Syndromes (HIES)	154
ERCC4	ERCC4	Fanconi Anemia Type Q	AR		false	true	false	615272	normal to low	Normal to low			Hematopoietic stem cell	Normal to low NK, CNS, skeletal, skin, cardiac, GI, urogenital anomalies, increased chromosomal breakage	Table 9 Bone marrow failure		155
ERCC6L2	ERCC6L2	BMFS2 (Hebo deficiency)	AR		false	true	false	615667					Hematopoietic stem cell	Bone marrow failure, learning difficulties, microcephaly, facial dysmorphism	Table 2 Combined immunodeficiencies with associated or syndromic features	Subtable 9 Other Defects	156
ERN1	ERN1	IRE1a deficiency	AD		true	false	false		Normal	Normal				Systemic autoimmunity, pleomorphic autoimmunity with autoantibodies	Table 4 Diseases of Immune Dysregulation	Subtable 4 Autoimmunity with or without Lymphoproliferation	157
EXTL3	EXTL3	Immunoskeletal dysplasia with neurodevelopmental abnormalities (EXTL3 Deficiency)	AR		false	true	false	617425	Reduced	Normal	Decreased to normal			Platyspondyly, kyphosis, variable skeletal dysplasias, developmental delay	Table 2 Combined immunodeficiencies with associated or syndromic features	Subtable 4 Immuno-osseous Dysplasias	158
FAAP24	FAAP24	FAAP24 deficiency	AR		false	true	false	610884	Increased activated T cells	Normal				EBV infection-driven lymphoproliferative disease	Table 4 Diseases of Immune Dysregulation	Subtable 1 Familial Hemophagocytic Lymphohistiocytosis (FHL syndromes)	159
FADD	FADD	FADD deficiency	AR		false	true	false	602457	Increased DN T cells	Normal				Functional hyposplenism, bacterial and viral infections, recurrent episodes of encephalopathy and liver dysfunction	Table 4 Diseases of Immune Dysregulation	Subtable 6 Autoimmune Lymphoproliferative Syndrome (ALPS, Canale Smith syndrome)	160
FANCA	FANCA	Fanconi Anemia Type A	AR		false	true	false	227650	normal to low	Normal to low			Hematopoietic stem cell	Normal to low NK, CNS, skeletal, skin, cardiac, GI, urogenital anomalies, increased chromosomal breakage	Table 9 Bone marrow failure		161
FANCB	FANCB	Fanconi Anemia Type B	XL		false	false	true	300514	normal to low	Normal to low			Hematopoietic stem cell	Normal to low NK, CNS, skeletal, skin, cardiac, GI, urogenital anomalies, increased chromosomal breakage	Table 9 Bone marrow failure		162
FANCC	FANCC	Fanconi Anemia Type C	AR		false	true	false	227645	normal to low	Normal to low			Hematopoietic stem cell	Normal to low NK, CNS, skeletal, skin, cardiac, GI, urogenital anomalies, increased chromosomal breakage	Table 9 Bone marrow failure		163
FANCD2	FANCD2	Fanconi Anemia Type D2	AR		false	true	false	227646	normal to low	Normal to low			Hematopoietic stem cell	Normal to low NK, CNS, skeletal, skin, cardiac, GI, urogenital anomalies, increased chromosomal breakage	Table 9 Bone marrow failure		164
FANCE	FANCE	Fanconi Anemia Type E	AR		false	true	false	600901	normal to low	Normal to low			Hematopoietic stem cell	Normal to low NK, CNS, skeletal, skin, cardiac, GI, urogenital anomalies, increased chromosomal breakage	Table 9 Bone marrow failure		165
FANCF	FANCF	Fanconi Anemia Type F	AR		false	true	false	603467	normal to low	Normal to low			Hematopoietic stem cell	Normal to low NK, CNS, skeletal, skin, cardiac, GI, urogenital anomalies, increased chromosomal breakage	Table 9 Bone marrow failure		166
FANCI	FANCI	Fanconi Anemia Type I	AR		false	true	false	609053	normal to low	Normal to low			Hematopoietic stem cell	Normal to low NK, CNS, skeletal, skin, cardiac, GI, urogenital anomalies, increased chromosomal breakage	Table 9 Bone marrow failure		167
FANCL	FANCL	Fanconi Anemia Type L	AR		false	true	false	614083	normal to low	Normal to low			Hematopoietic stem cell	Normal to low NK, CNS, skeletal, skin, cardiac, GI, urogenital anomalies, increased chromosomal breakage	Table 9 Bone marrow failure		168
FANCM	FANCM	Fanconi Anemia Type M	AR		false	true	false	618096	normal to low	Normal to low			Hematopoietic stem cell	Normal to low NK, CNS, skeletal, skin, cardiac, GI, urogenital anomalies, increased chromosomal breakage	Table 9 Bone marrow failure		169
FAT4	FAT4	Hennekam-lymphangiectasia-lymphedema syndrome due to FAT4 deficiency	AR		false	true	false	· 612411	Low/variable	Low/variable				Lymphangiectasia and lymphedema with facial abnormalities and other dysmorphic features	Table 2 Combined immunodeficiencies with associated or syndromic features	Subtable 9 Other Combined immunodeficiencies wwith syndromic features	170
FCGR3A	FCGR3A	CD16 deficiency	AR		false	true	false	146740	Normal	Normal	Normal	Normal	NK cell dysfunction	severe herpes viral infections, particularly VZV, Epstein Barr virus (EBV), and (HPV)	Table 6 Defects in intrinsic and innate immunity	Subtable 3 Predisposition to Severe Viral Infection	171
FCHO1	FCHO1	FCHO1 deficiency	AR		false	true	false	613437	Low	Normal	Normal			Recurrent infections, lymphoproliferation, increased activation-induced T-cell death, defective clathrin-mediated endocytosis	Table 1 Immunodeficiencies affecting cellular and humoral immunity	Subtable 3 Combined Immunodeficiencies Generally Less Profound than Severe Combined Immunodeficiency	172
FCN3	FCN3	Ficolin 3 deficiency	AR		false	true	false	604973	Normal	Normal	Normal	Normal		Respiratory infections, abscesses	Table 8 Complement Deficiencies		173
FERMT1	FERMT1	FERMT1 deficiency (Kindler syndrome)	AR		false	true	false	173650	Normal	Normal			Skin	Dermatosis characterized by congenital blistering, skin atrophy, photosensitivity, skin fragility, and scaling	Table 4 Diseases of Immune Dysregulation	Subtable 3 Regulatory T Cell Defects	174
FERMT3	FERMT3	Leukocyte adhesion deficiency type 3 (LAD3)	AR		false	true	false	607901				High		LAD type 1 plus bleeding tendency	Table 5 Congenital defects of phagocyte number or function	Subtable 2 Defects of Motility	175
FLT3LG	FLT3LG	FLT3L deficiency	AR		false	true	false		Normal	Decreased	Increased		Hypoplastic anaemia, monocytopenia, DC-penia, low/absence of dermal DCs.	Viral infections, diarrhea	Table 2 Combined immunodeficiencies with associated or syndromic features	Subtable 9 Other Defects	176
FNIP1	FNIP1	FNIP1 deficiency	AR		false	true	false		Increased T cells	Low B cells	Very low	Variable neutropenia		Early onset recurrent infections: sinopulmonary, bronchiectasis. Congenital heart defects (eg hypertrophic cardiomyopathy). Crohn disease (one patient, developmental delay.	Table 3 Predominantly Antibody Deficiencies	Subtable 1 Agammaglobulinemia	177
FOXI3	FOXI3	FOXI3 Haploinsufficiency	AD	NA	true	false	false		CD4 and CD8 T cell lymphopenia	Slightly decreased	Normal	Normal		Macrocephaly, thymic hypoplasia	Table 1 Immunodeficiencies affecting cellular and humoral immunity	Subtable 3 Combined Immunodeficiencies Generally Less Profound than Severe Combined Immunodeficiency	178
FOXN1	FOXN1	Winged helix FOXN1 deficiency (Nude SCID)	AR		false	true	false	600838	Very low	Normal	Low	Normal		Severe infections, abnormal thymic epithelium, immunodeficiency, congenital alopecia, nail dystrophy, neural tube defect	Table 2 Combined immunodeficiencies with associated or syndromic features	Subtable 3 Thymic Defects with Additional Congenital Anomalies	179
FOXN1	FOXN1	FOXN1 Haplosufficiency	AD		true	false	false		Severe T cell lymphopenia at birth, nomrmalised by adulthood	Normal or low		Normal		Recurrent, viral and bacterial respiratory tract infections; skin involvement (eczema, dermatitis), nail dystropyhy	Table 2 Combined immunodeficiencies with associated or syndromic features	Subtable 3 Thymic Defects with Additional Congenital Anomalies	180
FOXP3	FOXP3	IPEX, immune dysregulation, polyendocrinopathy, enteropathy X-linked	XL		false	false	true	300292	Normal	Normal	High IgE and IgA			Autoimmune enteropathy, early onset diabetes, hyroiditis hemolytic anemia, thrombocytopenia, eczema	Table 4 Diseases of Immune Dysregulation	Subtable 3 Regulatory T Cell Defects	181
FPR1	FPR1	Localized juvenile periodontitis	AR		false	true	false	136537				Normal		Periodontitis only	Table 5 Congenital defects of phagocyte number or function	Subtable 2 Defects of Motility	182
G6PC3	G6PC3	G6PC3 deficiency (SCN4)	AR		false	true	false	611045				Low		Structural heart defects, urogenital abnormalities, inner ear deafness, and venous angiectasias of trunks and limbs	Table 5 Congenital defects of phagocyte number or function	Subtable 1 Congenital Neutropenias	183
G6PD	G6PD	G6PD deficiency Class I	XL		false	false	true	305900			Normal	Normal	Neutrophil dysfunction	Infections	Table 5 Congenital defects of phagocyte number or function	Subtable 3 Defects of Respiratory Burst	184
SLC37A4	G6PT1	Glycogen storage disease type 1b	AR		false	true	false	602671				Low	Monocytes	Fasting hypoglycemia, lactic acidosis, hyperlipidemia, hepatomegaly	Table 5 Congenital defects of phagocyte number or function	Subtable 1 Congenital Neutropenias	185
GATA2	GATA2	GATA2 deficiency (MonoMac syndrome)	AD		true	false	false	137295		Declining	Normal	Normal	Low monocytes, DC, NK	Susceptibility to mycobacteria, HPV, histoplasmosis, alveolar proteinosis, MDS/AML/CMMoL, lymphedema	Table 5 Congenital defects of phagocyte number or function	Subtable 4 Other Non-Lymphoid Defects	186
GFI1	GFI1	GFI 1 deficiency (SCN2)	AD		true	false	false	600871				Low		B/T lymphopenia	Table 5 Congenital defects of phagocyte number or function	Subtable 1 Congenital Neutropenias	187
GIMAP5	GIMAP5	GIMAP5 deficiency	AR		false	true	false		Low CD4, CD8 T cells, increased TH17 and Th2, poor T cell proliferation					Splenomegaly, autoimmunity	Table 4 Diseases of Immune Dysregulation	Subtable 4 Autoimmunity with or without Lymphoproliferation	188
GIMAP6	GIMAP6	GIMAP6 deficiency	AR		false	true	false	616960	Decreased naïve T cells	Normal	High IgM		Reduced NK cytotoxicity	Adenopathy, splenomegaly, vasculitis, autoantibodies	Table 4 Diseases of Immune Dysregulation	Subtable 2 FHL Syndromes with Hypopigmentation	189
GINS1	GINS1	GINS1 deficiency	AR		false	true	false	610608	Low or normal	Low or normal	High IgA, low IgM and IgG	Low	Low NK	IUGR	Table 2 Combined immunodeficiencies with associated or syndromic features	Subtable 2 DNA Repair Defects other than those listed in Table 1	190
GINS4	GINS4	GINS4 deficiency	AR		false	true	false	610611	Normal	Normal	Normal or increased	Low	Low NK cells	Herpes family viruses, growth delay	Table 2 Combined immunodeficiencies with associated or syndromic features	Subtable 2 DNA Repair Defects other than those listed in Table 1	191
GTF3A	GTF3A	GTF3A deficiency	AR		false	true	false						Fibroblasts	HSE	Table 6 Defects in intrinsic and innate immunity	Subtable 4 Herpes Simplex Encephalitis (HSE)	192
HAVCR2	HAVCR2	Tim-3 deficiency	AR		false	true	false	606652	Normal	Normal	Normal	Normal	Leukocytes	T-cell lymphoma, subcutaneous panniculitis-like, HLH	Table 7 Autoinflammatory Disorders	Subtable 3 Non-Inflammasome Related Conditions	193
HAX1	HAX1	HAX1 deficiency (Kostmann Disease) (SCN3)	AR		false	true	false	605998				Low		Cognitive and neurological defects in patients with defects in both HAX1 isoforms, susceptibility to MDS/leukemia	Table 5 Congenital defects of phagocyte number or function	Subtable 1 Congenital Neutropenias	194
HCK	HCK	HCK disease	AD	GOF	true	false	false							Cutaneous vasculitis and chronic pulmonary inflammation/fibrosis. Inflammatory leukocyte infiltration of the lungs and skin, anemia, hepatosplenomegaly, death due to respiratory failure. Clinical improvement with ruxolitinib	Table 7 Autoinflammatory Disorders	Subtable 3 Non-Inflammasome Related Conditions	195
HELLS	HELLS	Immunodeficiency with centromeric instability and facial anomalies, ICF4	AR		false	true	false	603946	Decreased or normal,	Decreased or normal	Variably low IgG, IgA			Facial dysmorphic features, macroglossia, bacterial/opportunistic infections, malabsorption, cytopenias, malignancies, multiradial configurations of chromosomes 1, 9, 16	Table 2 Combined immunodeficiencies with associated or syndromic features	Subtable 2 DNA Repair Defects other than those listed in Table 1	196
HMOX1	HMOX1	Isolated congenital asplenia (ICA) due to HMOX deficiency	AR		false	true	false	141250	Normal	Normal	Normal	Normal	No spleen, Macrophages	Hemolysis, nephritis, inflammation, HLH, lung disease	Table 6 Defects in intrinsic and innate immunity	Subtable 8 Other Inborn Errors of Immunity Related to Non-Hematopoietic Tissues	197
HYOU1	HYOU1	HYOU1 deficiency	AR		false	true	false	601746				Low		Hypoglycemia, inflammatory complications	Table 5 Congenital defects of phagocyte number or function	Subtable 1 Congenital Neutropenias	198
ICOS	ICOS	ICOS deficiency	AR		false	true	false	604558	Normal	Normal	Low			Recurrent infections, autoimmunity, gastroenteritis, granulomas	Table 1 Immunodeficiencies affecting cellular and humoral immunity	Subtable 3 Combined Immunodeficiencies Generally Less Profound than Severe Combined Immunodeficiency	199
ICOSLG	ICOSLG	ICOLG deficiency	AR		false	true	false	605717	Low	Low	Low	Low		Recurrent bacterial and viral infections	Table 1 Immunodeficiencies affecting cellular and humoral immunity	Subtable 3 Combined Immunodeficiencies Generally Less Profound than Severe Combined Immunodeficiency	200
IFIH1	IFIH1	MDA5 deficiency (LOF)	AR		false	true	false	606951	Normal	Normal	Normal	Normal	Somatic and hematopoietic	Rhinovirus and other RNA viruses	Table 6 Defects in intrinsic and innate immunity	Subtable 3 Predisposition to Severe Viral Infection	201
IFIH1	IFIH1	Aicardi-Goutieres syndrome 7 (AGS7)	AD	GOF	true	false	false	606951	Normal	Normal	Normal	Normal		Classical AGS, SLE, SP, SMS	Table 7 Autoinflammatory Disorders	Subtable 1 Type 1 Interferonopathies	202
IFNAR1	IFNAR1	IFNAR1 deficiency	AR		false	true	false		Normal	Normal	Normal	Normal		Severe disease caused by Yellow Fever vaccine and Measles vaccine, severe COVID-19	Table 6 Defects in intrinsic and innate immunity	Subtable 3 Predisposition to Severe Viral Infection	203
IFNAR2	IFNAR2	IFNAR2 deficiency	AR		false	true	false	602376	Normal	Normal	Normal	Normal	Broadly expressed	Severe viral infections (disseminated vaccine-strain measles, HHV6), severe COVID-19	Table 6 Defects in intrinsic and innate immunity	Subtable 3 Predisposition to Severe Viral Infection	204
IFNG	IFNG	IFNG deficiency	AR		false	true	false		Normal	Normal	Normal			Susceptibility to mycobacteria	Table 6 Defects in intrinsic and innate immunity	Subtable 1 Mendelian Susceptibility to mycobacterial disease (MSMD)	205
IFNGR1	IFNGR1	IFN-g receptor 1 deficiency	AR		false	true	false	107470	Normal	Normal	Normal	Normal		Susceptibility to mycobacteria and Salmonella	Table 6 Defects in intrinsic and innate immunity	Subtable 1 Mendelian Susceptibility to mycobacterial disease (MSMD)	206
IFNGR1	IFNGR1	IFN-g receptor 1 deficiency	AD		true	false	false	107470	Normal	Normal	Normal	Normal		Susceptibility to mycobacteria and Salmonella	Table 6 Defects in intrinsic and innate immunity	Subtable 1 Mendelian Susceptibility to mycobacterial disease (MSMD)	207
IFNGR2	IFNGR2	IFN-g receptor 2 deficiency	AR		false	true	false	147569	Normal	Normal	Normal	Normal		Susceptibility to mycobacteria and Salmonella	Table 6 Defects in intrinsic and innate immunity	Subtable 1 Mendelian Susceptibility to mycobacterial disease (MSMD)	208
IGHM	IGHM	m heavy chain deficiency	AR		false	true	false	147020	Normal	Very low	Very low			Severe bacterial infections, normal numbers of pro-B cells	Table 3 Predominantly Antibody Deficiencies	Subtable 1 Agammaglobulinemia	209
IGKC	IGKC	Kappa chain deficiency	AR		false	true	false	147200	Normal	Normal				Asymptomatic	Table 3 Predominantly Antibody Deficiencies	Subtable 4 Isotype, Light Chain, or Functional Deficiencies with Generally Normal Numbers of B Cells	210
IGLL1	IGLL1	l5 deficiency	AR		false	true	false	146770	Normal	Very low	Very low			Severe bacterial infections, normal numbers of pro-B cells	Table 3 Predominantly Antibody Deficiencies	Subtable 1 Agammaglobulinemia	211
IKBKB	IKBKB	IKBKB deficiency	AR		false	true	false	615592	Nl number, absent Treg and g/d T cells, impaired TCR activation	Nl number, poor function				Recurrent bacterial, viral, fungal infections, opportunistic infections	Table 1 Immunodeficiencies affecting cellular and humoral immunity	Subtable 3 Combined Immunodeficiencies Generally Less Profound than Severe Combined Immunodeficiency	212
IKBKB	IKBKB	EDA-ID due to IKBKB GOF mutation	AD	GOF	true	false	false	618204	Low	Normal count, poor function	Low			Recurrent bacterial, viral, fungal infections, variable ectodermal defects	Table 2 Combined immunodeficiencies with associated or syndromic features	Subtable 7 Anhidrotic Ectodermodysplasia with Immunodeficiency (EDA-ID)	213
IKBKE	IKBKE	IKBKE deficiency	AD		true	false	false						Microglia	HSE	Table 6 Defects in intrinsic and innate immunity	Subtable 4 Herpes Simplex Encephalitis (HSE)	214
IKBKG	IKBKG	EDA-ID due to NEMO /IKBKG deficiency (ectodermal dysplasia, immune deficiency)	XL		false	false	true	300248	Normal or decreased, TCR activation impaired	Normal, Low memory and isotype switched B cells	Decreased, some with elevated IgA, IgM, poor specific antibody responses, absent antibody to polysaccharide antigens		Poor NK function	Anhidrotic ectodermal dysplasia (in some), various infections (bacteria, mycobacteria, viruses and fungi), colitis, conical teeth, variable defects of skin, hair and teeth, monocyte dysfunction	Table 2 Combined immunodeficiencies with associated or syndromic features	Subtable 7 Anhidrotic Ectodermodysplasia with Immunodeficiency (EDA-ID)	215
IKBKG	IKBKG	NEMO Exon 5 deletion	XL		false	false	true							NFKB and interferon signatures, fever, rash, CNS inflammation	Table 7 Autoinflammatory Disorders	Subtable 3 Non-Inflammasome Related Conditions	216
IKZF1	IKZF1	Ikaros deficiency	AD	DN	true	false	false		No memory T cells	No memory B cells	Low			Recurrent sinopulmonary infections, pneumocystis early CID onset	Table 1 Immunodeficiencies affecting cellular and humoral immunity	Subtable 3 Combined Immunodeficiencies Generally Less Profound than Severe Combined Immunodeficiency	217
IKZF1	IKZF1	IKAROS haplosufficiency	AD	haplosufficiency	true	false	false	603023	Normal	Declining	Low			Recurrent sinopulmonary infections	Table 3 Predominantly Antibody Deficiencies	Subtable 2 CVID Phenotype	218
IKZF1	IKZF1	Ikaros GOF	AD	GOF	true	false	false			Normal	Mild decrease			Autoimmunity, allergy, lymphoprolfieration, infections	Table 4 Diseases of Immune Dysregulation	Subtable 3 Regulatory T Cell Defects	219
IKZF2	IKZF2	IKZF2 deficiency	AD		true	false	false		Increased activated/ exhausted T cells. Increased production pro-inflammatory cytokines by T cells. Increased MAIT, Tfh cells, NK cells. Normal Treg	normal B cell numbers, but low switched memory. dysregulated germinal centers	hypogammaglobulinemia with low/normal IgG vaccine responses			combined immunodeficiency, recurrent upper respiratory infections/pneumonia, thrush, mucosal ulcers, chronic lymphadenopathy, SLE, ITP, Evan’s syndrome. EBV-associated HLH, lymphoma	Table 1 Immunodeficiencies affecting cellular and humoral immunity	Subtable 3 Combined Immunodeficiencies Generally Less Profound than Severe Combined Immunodeficiency	220
IKZF2	IKZF2	IKZF2 deficiency	AR		false	true	false		Increased activated/ exhausted T cells. Increased production pro-inflammatory cytokines by T cells. Increased MAIT, Tfh cells, NK cells. Normal Treg	normal B cell numbers, but low switched memory. dysregulated germinal centers	hypogammaglobulinemia with low/normal IgG vaccine responses			combined immunodeficiency, recurrent upper respiratory infections/pneumonia, thrush, mucosal ulcers, chronic lymphadenopathy, SLE, ITP, Evan’s syndrome. EBV-associated HLH, lymphoma	Table 1 Immunodeficiencies affecting cellular and humoral immunity	Subtable 3 Combined Immunodeficiencies Generally Less Profound than Severe Combined Immunodeficiency	221
IKZF2	IKZF2	IKZF2 DN	AD	DN	true	false	false	606234	CD4 and CD8 T cell lymphopenia with low TRECs	Normal to low	Normal or low			Developmental delay, hearing loss, cleft palate, abnormal teeth	Table 2 Combined immunodeficiencies with associated or syndromic features	Subtable 1 Immunodeficiency with Congenital Thrombocytopenia	222
IKZF3	IKZF3	AIOLOS deficiency	AD	DN	true	false	false		Normal numbers T, NK cells. Increased naïve CD4+ T cells, RTE. Decreased memory, Tfh; CD40L induction. Increased %’s CD8 T cells; activated T cells	Abnormal B cell development (decreased BM B precursors; hi CD21lo B; decreased memory B cells). Decreased response to CD40	Severe hypogamma			EBV susceptibility, recurrent sinopulmonary/respiratory infections, PJP, warts, M avium. B cell lymphoma (2/3), B-CLL	Table 2 Combined immunodeficiencies with associated or syndromic features	Subtable 9 Other Combined immunodeficiencies wwith syndromic features	223
IL10	IL10	IL-10 deficiency	AR		false	true	false	124092	Normal	Normal	Normal	Normal		Inflammatory bowel disease (IBD) Folliculitis, recurrent respiratory diseases, arthritis,	Table 4 Diseases of Immune Dysregulation	Subtable 5 Immune Dysregulation with Colitis	224
IL10RA	IL10RA	IL-10Ra deficiency	AR		false	true	false	146933	Normal	Normal	Normal	Normal		IBD, Folliculitis, recurrent respiratory diseases, arthritis, lymphoma	Table 4 Diseases of Immune Dysregulation	Subtable 5 Immune Dysregulation with Colitis	225
IL10RB	IL10RB	IL-10Rb deficiency	AR		false	true	false	123889	Normal	Normal	Normal	Normal		IBD, folliculitis, recurrent respiratory diseases, arthritis, lymphoma	Table 4 Diseases of Immune Dysregulation	Subtable 5 Immune Dysregulation with Colitis	226
IL12B	IL12B	IL-12p40 (IL-12 and IL-23) deficiency	AR		false	true	false	161561	Normal	Normal	Normal	Normal		Susceptibility to mycobacteria and Salmonella	Table 6 Defects in intrinsic and innate immunity	Subtable 1 Mendelian Susceptibility to mycobacterial disease (MSMD)	227
IL12RB1	IL12RB1	IL-12 and IL-23 receptor b1 chain deficiency	AR		false	true	false	601604	Normal	Normal	Normal	Normal		Susceptibility to mycobacteria and Salmonella	Table 6 Defects in intrinsic and innate immunity	Subtable 1 Mendelian Susceptibility to mycobacterial disease (MSMD)	228
IL12RB2	IL12RB2	IL-12Rb2 deficiency	AR		false	true	false		Normal	Normal	Normal	Normal		Susceptibility to mycobacteria and Salmonella	Table 6 Defects in intrinsic and innate immunity	Subtable 1 Mendelian Susceptibility to mycobacterial disease (MSMD)	229
IL17F	IL17F	IL-17F deficiency	AD		true	false	false	606496	Normal	Normal	Normal	Normal	T cells	CMC, folliculitis	Table 6 Defects in intrinsic and innate immunity	Subtable 6 Predisposition to Mucocutaneous Candidiasis	230
IL17RA	IL17RA	IL-17RA deficiency	AR		false	true	false	605461	Normal	Normal	Normal	Normal	Epithelial cells, fibroblasts, mononuclear phagocytes	CMC, folliculitis	Table 6 Defects in intrinsic and innate immunity	Subtable 6 Predisposition to Mucocutaneous Candidiasis	231
IL17RC	IL17RC	IL-17RC deficiency	AR		false	true	false	610925	Normal	Normal	Normal	Normal	Epithelial cells, fibroblasts, mononuclear phagocytes	CMC	Table 6 Defects in intrinsic and innate immunity	Subtable 6 Predisposition to Mucocutaneous Candidiasis	232
IL18BP	IL18BP	IL-18BP deficiency	AR		false	true	false							Fulminant viral hepatitis	Table 6 Defects in intrinsic and innate immunity	Subtable 9 Other inborn errors of immunity related to leukocytes	233
IL1R1	IL1R1	CRMO3 IL1R1 disorder	AD		true	false	false						Activated myeloid cells	Arthritis, bone lesions, poor growth	Table 7 Autoinflammatory Disorders	Subtable 3 Non-Inflammasome Related Conditions	234
IL1RN	IL1RN	DIRA (Deficiency of the Interleukin 1 Receptor Antagonist)	AR		false	true	false	612852	Normal	Normal	Normal	Normal	PMNs, Monocytes	Neonatal onset of sterile multifocal osteomyelitis, periostitis and pustulosis.	Table 7 Autoinflammatory Disorders	Subtable 3 Non-Inflammasome Related Conditions	235
IL21	IL21	IL-21 deficiency	AR		false	true	false	615767	Nl number, nl/low function	Low				Severe early onset colitis, recurrent sinopulmonary infections	Table 1 Immunodeficiencies affecting cellular and humoral immunity	Subtable 3 Combined Immunodeficiencies Generally Less Profound than Severe Combined Immunodeficiency	236
IL21R	IL21R	IL-21R deficiency	AR		false	true	false	615207	Nl number, low cytokine production, poor antigen proliferation	Normal				Recurrent infections, Pneumocystis jiroveci, Cryptosporidium infections and liver disease	Table 1 Immunodeficiencies affecting cellular and humoral immunity	Subtable 3 Combined Immunodeficiencies Generally Less Profound than Severe Combined Immunodeficiency	237
IL23R	IL23R	IL-23R deficiency	AR		false	true	false		Normal	Normal	Normal	Normal		Susceptibility to mycobacteria and Salmonella	Table 6 Defects in intrinsic and innate immunity	Subtable 1 Mendelian Susceptibility to mycobacterial disease (MSMD)	238
IL27RA	IL27RA	IL-27RA deficiency	AR		false	true	false		Normal	Normal				Severe primary EBV	Table 4 Diseases of Immune Dysregulation	Subtable 7 Susceptibility to EBV and Lymphoproliferative Conditions	239
IL2RA	IL2RA	CD25 deficiency	AR		false	true	false	147730	Normal to decreased	Normal				Lymphoproliferation, autoimmunity, impaired T cell proliferation	Table 4 Diseases of Immune Dysregulation	Subtable 3 Regulatory T Cell Defects	240
IL2RB	IL2RB	CD122 deficiency	AR		false	true	false	618495	Increased memory CD8 T cells, decreased Tregs	Increased memory B cells	High		Poor NK function	Lymphoproliferation, lymphadenopathy, hepatosplenomegaly, autoimmune hemolytic anemia, dermatitis, enteropathy, recurrent viral (EBV, CMV) infections	Table 4 Diseases of Immune Dysregulation	Subtable 3 Regulatory T Cell Defects	241
IL2RG	IL2RG	gc deficiency (common gamma chain SCID, CD132 deficiency)	XL		false	false	true	308380	Very low	Normal to high	Low	Normal	Low NK		Table 1 Immunodeficiencies affecting cellular and humoral immunity	Subtable 1 T-B+ SCID	242
IL36RN	IL36RN	DITRA (Deficiency of IL-36 receptor antagonist)	AR		false	true	false	614204	Normal	Normal	Normal	Normal	Keratinocytes, leukocytes	Pustular psoriasis	Table 7 Autoinflammatory Disorders	Subtable 3 Non-Inflammasome Related Conditions	243
IL6R	IL6R	IL6 receptor deficiency	AR		false	true	false	147880	Normal	Normal	High IgE	Normal		Recurrent pyogenic infections, cold abscesses, high circulating IL-6 levels,	Table 2 Combined immunodeficiencies with associated or syndromic features	Subtable 5 Hyper IgE Syndromes (HIES)	244
IL6ST	IL6ST	IL6 signal transducer (IL6ST) deficiency	AR		false	true	false	618523	Most patients died early, no data	Most patients died early, no data	Most patients died early, no data			A spectrum ranging from severe atopy to fatal Stuve-Weidemann-like syndrome; skeletal dysplasia, lung dysfunction, renal abnormalities, thrombocytopenia, dermatitis, eczema. Defective acute phase response.	Table 2 Combined immunodeficiencies with associated or syndromic features	Subtable 5 Hyper IgE Syndromes (HIES)	245
IL6ST	IL6ST	IL6 signal transducer (IL6ST) deficiency	AD	DN	true	false	false		Normal T cell numbers, increased naïve CD4 and CD8 T cell proportions. Decreased TCM CD4+ and CD8+ T cells, TEM CD8 T cells; MAIT, Tfh cells. Increased Th2. Low to normal NK cell counts	Normal numbers of B cells, low memory B cells	Normal/low IgG, A, Normal IgM. Hyper IgE. Vaccine IgG normal	Normal		HIES – STAT3-like; dermatitis/eczema, eosinophilia, recurrent skin infections, pneumonia, bronchiectasis, pneumatoceles with severe secondary pulmonary aspergillosis, connective tissue defects (scoliosis, face, joints, fractures, palate, tooth retention). Phenocopies aspects of IL6R and IL11R deficiencies (due to unresponsiveness to these cytokines)	Table 2 Combined immunodeficiencies with associated or syndromic features	Subtable 5 Hyper IgE Syndromes (HIES)	246
IL7R	IL7R	IL7Ra deficiency	AR		false	true	false	146661	Very low	Normal to high	Low	Normal			Table 1 Immunodeficiencies affecting cellular and humoral immunity	Subtable 1 T-B+ SCID	247
INO80	INO80	INO80	AR		false	true	false	610169			Low IgG and IgA with normal or high IgM			Severe bacterial infections	Table 3 Predominantly Antibody Deficiencies	Subtable 3 Severe Reduction in Serum IgG and IgA with Normal/Elevated IgM and Normal Numbers of B cells, Hyper IgM	248
IRAK1	IRAK1	IRAK1 deficiency	XL		false	false	true	Not yet attributed	Normal	Normal	Normal	Normal	Lymphocytes + Granulocytes+ Monocytes	Bacterial infections, X-linked MECP2 deficiency-related syndrome due to a large de novo Xq28 chromosomal deletion encompassing both MECP2 and IRAK1	Table 6 Defects in intrinsic and innate immunity	Subtable 7 TLR Signaling Pathway Deficiency with Bacterial Susceptibility	249
IRAK4	IRAK4	IRAK4 disorder	AR	GOF	false	true	false							Neuroinflammation, fever, splenomegaly	Table 6 Defects in intrinsic and innate immunity	Subtable 7 TLR Signaling Pathway Deficiency with Bacterial Susceptibility	250
IRAK4	IRAK4	IRAK4 deficiency	AR		false	true	false	606883	Normal	Normal	Normal	Normal	Lymphocytes + Granulocytes+ Monocytes	Bacterial infections (pyogens)	Table 6 Defects in intrinsic and innate immunity	Subtable 7 TLR Signaling Pathway Deficiency with Bacterial Susceptibility	251
IRF1	IRF1	IRF1 deficiency	AR		false	true	false	620668						Severe MSMD, histoplasmosis	Table 6 Defects in intrinsic and innate immunity	Subtable 1 Mendelian Susceptibility to mycobacterial disease (MSMD)	252
IRF2BP2	IRF2BP2	IRF2BP2 deficiency	AD		true	false	false	615332						Recurrent infections, possible autoimmunity and inflammatory disease	Table 3 Predominantly Antibody Deficiencies	Subtable 2 CVID Phenotype	253
IRF3	IRF3	IRF3 deficiency	AD		true	false	false	616532	Normal	Normal	Normal	Normal	CNS resident cells and fibroblasts	Herpes simplex virus 1 encephalitis	Table 6 Defects in intrinsic and innate immunity	Subtable 4 Herpes Simplex Encephalitis (HSE)	254
IRF4	IRF4	IRF4 multimorphic R95T	AD		true	false	false		Normal except low Th17 and TFH	Reduced	Agammaglobulinemia	Normal		PJP, viral	Table 1 Immunodeficiencies affecting cellular and humoral immunity	Subtable 3 Combined Immunodeficiencies Generally Less Profound than Severe Combined Immunodeficiency	255
IRF4	IRF4	IRF4 haplosufficiency	AD		true	false	false		Low CD4 and CD8					Whipple’s disease	Table 6 Defects in intrinsic and innate immunity	Subtable 9 Other inborn errors of immunity related to leukocytes	256
IRF7	IRF7	IRF7 deficiency	AR		false	true	false	605047					Leukocytes, plasmacytoid dendritic cells, Non-hematopoietic cells	Severe influenza and COVID-19	Table 6 Defects in intrinsic and innate immunity	Subtable 3 Predisposition to Severe Viral Infection	257
IRF8	IRF8	IRF8 deficiency (AD)	AD		true	false	false	601565	Normal	Normal	Normal	Normal	CD1c+ MDC	Susceptibility to mycobacteria	Table 6 Defects in intrinsic and innate immunity	Subtable 1 Mendelian Susceptibility to mycobacterial disease (MSMD)	258
IRF8	IRF8	IRF8 deficiency (AR)	AR		false	true	false	601565	Normal	Normal	Normal	Normal	CD1c+ MDC	Susceptibility to mycobacteria and multiple other infectious agents	Table 6 Defects in intrinsic and innate immunity	Subtable 1 Mendelian Susceptibility to mycobacterial disease (MSMD)	259
IRF9	IRF9	IRF9 deficiency	AR		false	true	false							Severe influenza disease	Table 6 Defects in intrinsic and innate immunity	Subtable 3 Predisposition to Severe Viral Infection	260
ISG15	ISG15	ISG15 deficiency	AR		false	true	false	147571					Ubiquitously expressed	Susceptibility to mycobacteria, brain calcifications	Table 6 Defects in intrinsic and innate immunity	Subtable 1 Mendelian Susceptibility to mycobacterial disease (MSMD)	261
ITCH	ITCH	ITCH deficiency	AR		false	true	false	606409	Not assessed	Not assessed	Normal	Normal		Early-onset chronic lung disease (interstitial pneumonitis), autoimmunity (thyroiditis, type I diabetes, chronic diarrhea/enteropathy, and hepatitis), failure to thrive, developmental delay, dysmorphic facial features	Table 4 Diseases of Immune Dysregulation	Subtable 4 Autoimmunity with or without Lymphoproliferation	262
ITGB2	ITGB2	Leukocyte adhesion deficiency type 1 (LAD1)	AR		false	true	false	600065				High		Delayed cord separation, skin ulcers, periodontitis, leukocytosis	Table 5 Congenital defects of phagocyte number or function	Subtable 2 Defects of Motility	263
ITK	ITK	ITK deficiency	AR		false	true	false	186973	Progressive decrease	Normal	Variable			EBV associated B cell lymphoproliferation, lymphoma	Table 1 Immunodeficiencies affecting cellular and humoral immunity	Subtable 3 Combined Immunodeficiencies Generally Less Profound than Severe Combined Immunodeficiency	264
ITPKB	ITPKB	ITPKB deficiency	AR		false	true	false		Very low	Normal	Low	Normal to low	Low Hb, low platelets, low neutrophils	FTT	Table 1 Immunodeficiencies affecting cellular and humoral immunity	Subtable 1 T-B+ SCID	265
ITPR3	ITPR3	ITPR3	AR		false	true	false		Low T cell numbers, impaired T cell activation and proliferation.	Low	Low			Autoimmune cytopenias, enteropathy, Charcot Marie Tooth in one patient	Table 2 Combined immunodeficiencies with associated or syndromic features	Subtable 8 Calcium Channel Defects	266
JAGN1	JAGN1	JAGN1 deficiency	AR		false	true	false	616012				Low		Myeloid maturation arrest, osteopenia	Table 5 Congenital defects of phagocyte number or function	Subtable 1 Congenital Neutropenias	267
JAK1	JAK1	JAK1 GOF	AD	GOF	true	false	false	147795	Not assessed	Not assessed			Eosinophilia	HSM, eosinophilic enteritis, thyroid disease, poor growth, viral infections	Table 4 Diseases of Immune Dysregulation	Subtable 4 Autoimmunity with or without Lymphoproliferation	268
JAK1	JAK1	JAK1 (LOF)	AR		false	true	false	147795						Susceptibility to mycobacteria and viruses, urothelial carcinoma	Table 6 Defects in intrinsic and innate immunity	Subtable 1 Mendelian Susceptibility to mycobacterial disease (MSMD)	269
JAK3	JAK3	JAK3 deficiency	AR		false	true	false	600173	Very low	Normal to high	Low	Normal	Low NK		Table 1 Immunodeficiencies affecting cellular and humoral immunity	Subtable 1 T-B+ SCID	270
KARS1	KARS1	KARS1 deficiency	AR		false	true	false	619147		Low	Low			Fewer mitochondria in B cells, deafness, developmental delay, ADEM, neurologic disease	Table 3 Predominantly Antibody Deficiencies	Subtable 2 Severe Reduction in at Least 2 Serum Immunoglobulin Isotypes with Normal or Low Number of B Cells, CVID Phenotype	271
KDM6A	KDM6A	Kabuki Syndrome 2 due to KDM6A deficiency	XL (females may be affected)		false	false	true	300128	Normal	Normal	Low IgA and occasionally low IgG	Normal		Typical facial abnormalities, cleft or high arched palate, skeletal abnormalities, short stature, intellectual disability, congenital heart defects, recurrent infections (otitis media, pneumonia) in 50% of patients. Autoimmunity may be present	Table 2 Combined immunodeficiencies with associated or syndromic features	Subtable 9 Other Combined immunodeficiencies wwith syndromic features	272
KMT2A	KMT2A	Widemann-Steiner syndrome	AD		true	false	false	605130	Normal	Variably decreased switched memory B cells	Low			Respiratory infections, short stature, hypertelorism, hairy elbows, developmental delay, intellectual disability	Table 2 Combined immunodeficiencies with associated or syndromic features	Subtable 9 Other Combined immunodeficiencies wwith syndromic features	273
KMT2D	KMT2D (MLL2)	Kabuki Syndrome 1 due to KMT2D deficiency	AD		true	false	false	602113	Normal	Normal	Low IgA and occasionally low IgG	Normal		Typical facial abnormalities, cleft or high arched palate, skeletal abnormalities, short stature, intellectual disability, congenital heart defects, recurrent infections (otitis media, pneumonia) in 50% of patients. Autoimmunity may be present	Table 2 Combined immunodeficiencies with associated or syndromic features	Subtable 9 Other Combined immunodeficiencies wwith syndromic features	274
LACC1	LACC1	LACC1 deficiency	AR		false	true	false	618795	Normal	Normal				JIA	Table 4 Diseases of Immune Dysregulation	Subtable 4 Autoimmunity with or without Lymphoproliferation	275
LAMTOR2	LAMTOR2	P14/LAMTOR2 deficiency	AR		false	true	false	610389				Low	Monocytes	Neutropenia, Hypogammaglobulinemia ¯CD8 cytotoxicity, partial albinism, growth failure	Table 5 Congenital defects of phagocyte number or function	Subtable 1 Congenital Neutropenias	276
	Large (3Mb) deletion of 22q11.2	Chromosome 22q11.2 deletion Syndrome (22q11.2DS) (AKA DiGeorge/velocardiofacial syndrome)	AD		true	false	false	602054	5% have < 1500 CD3T cells/uL in neonatal period	Normal numbers in childhood usually	Normal or decreased	Normal		Hypoparathyroidism, conotruncal cardiac malformation, velopalatal insufficiency, abnormal facies, intellectual disability	Table 2 Combined immunodeficiencies with associated or syndromic features	Subtable 3 Thymic Defects with Additional Congenital Anomalies	277
LAT	LAT	LAT deficiency	AR		false	true	false	602354	Nl to low number	Nl to low	High	Normal		Adenopathy, splenomegaly, recurrent infections, autoimmunity	Table 1 Immunodeficiencies affecting cellular and humoral immunity	Subtable 1 T-B+ SCID	278
LCK	LCK	LCK deficiency	AR		false	true	false	615758	Low CD4+, low Treg, restricted T cell repertoire, poor TCR signaling	Normal				Recurrent infections, immune dysregulation, autoimmunity	Table 1 Immunodeficiencies affecting cellular and humoral immunity	Subtable 3 Combined Immunodeficiencies Generally Less Profound than Severe Combined Immunodeficiency	279
LCP2	LCP2	SLP76 deficiency	AR		false	true	false		Low T cells- mainly TEMRA and oligoconal	Normal	Low	Normal but dysfunctional	Reduced NK degranulation, platelet dysfunction		Table 1 Immunodeficiencies affecting cellular and humoral immunity	Subtable 1 T-B+ SCID	280
LIG1	LIG1	Ligase I deficiency	AR		false	true	false	126391	Lymphopenia, decreased mitogen response	Normal	Low, poor function			Recurrent respiratory infections, growth retardation, sun sensitivity, lymphoma, radiation sensitivity	Table 2 Combined immunodeficiencies with associated or syndromic features	Subtable 2 DNA Repair Defects other than those listed in Table 1	281
LIG4	LIG4	DNA ligase IV deficiency	AR		false	true	false	601837	Very low	Very low	Low	Normal		Radiation sensitive, microcephaly	Table 1 Immunodeficiencies affecting cellular and humoral immunity	Subtable 2 T-B- SCID	282
LPIN2	LPIN2	Chronic recurrent multifocal osteomyelitis and congenital dyserythropoietic anemia (Majeed syndrome)	AR		false	true	false	609628	Normal	Normal	Normal	Normal	Neutrophils, bone marrow cells	Chronic recurrent multifocal osteomyelitis, transfusion-dependent anemia, cutaneous inflammatory disorders	Table 7 Autoinflammatory Disorders	Subtable 3 Non-Inflammasome Related Conditions	283
LRBA	LRBA	LRBA deficiency	AR		false	true	false	606453	Normal or decreased CD4 numbers, T cell dysregulation	Low or normal numbers of B cells	Variable	Normal		Recurrent infections, inflammatory bowel disease, autoimmunity, EBV infections	Table 4 Diseases of Immune Dysregulation	Subtable 3 Regulatory T Cell Defects	284
LSM11	LSM11	LSM11 deficiency	AR		false	true	false	619486						AGS, Type I interferon in fibroblasts	Table 7 Autoinflammatory Disorders	Subtable 1 Type 1 Interferonopathies	285
LY96	LY96	MD2 deficiency	AR		false	true	false						Myeloid cells	IBD, infections	Table 6 Defects in intrinsic and innate immunity	Subtable 7 TLR Signaling Pathway Deficiency	286
LYN	LYN	LYN GOF disease	AD	GOF	true	false	false	620376					Endothelial cells	Rash, fever, HSM, liver fibrosis, IBD	Table 7 Autoinflammatory Disorders	Subtable 3 Non-Inflammasome Related Conditions	287
LYST	LYST	Chediak-Higashi syndrome	AR		false	true	false	606897	Increased activated T cells	Normal		Low		Partial albinism, recurrent infections, fever, HSM, HLH, giant lysosomes, neutropenia, cytopenias, bleeding tendency, progressive neurological dysfunction	Table 4 Diseases of Immune Dysregulation	Subtable 2 FHL Syndromes with Hypopigmentation	288
MAD2L2	MAD2L2	Fanconi Anemia Type V	AR		false	true	false	617243	normal to low	Normal to low			Hematopoietic stem cell	normal to low NK, CNS, skeletal, skin, cardiac, GI, urogenital anomalies, increased chromosomal breakage	Table 9 Bone marrow failure		289
MAGT1	MAGT1	MAGT1 deficiency (XMEN)	XL		false	false	true	300853	Low CD4 Low recent thymic emigrant cels, poor proliferation to CD3	Normal				EBV infection, lymphoma, viral infections, respiratory and GI infections	Table 4 Diseases of Immune Dysregulation	Subtable 7 Susceptibility to EBV and Lymphoproliferative Conditions	290
MALT1	MALT1	MALT1 deficiency	AR		false	true	false	615468	Nl number, poor proliferation	Normal				Bacterial, fungal and viral infections	Table 1 Immunodeficiencies affecting cellular and humoral immunity	Subtable 3 Combined Immunodeficiencies Generally Less Profound than Severe Combined Immunodeficiency	291
MAN2B2	MAN2B2	MAN2B2 deficiency	AR		false	true	false		Low T cells and TRECs	Low	Normal IgM, low IgA, high IgE			Developmental delay, congenital disorder of glycosylation, microcephaly, vasculitis, arthritis, FTT	Table 1 Immunodeficiencies affecting cellular and humoral immunity	Subtable 3 Combined Immunodeficiencies Generally Less Profound than Severe Combined Immunodeficiency	292
MAP1LC3B2	MAP1LC3B2	MAP1LC3B2	AD		true	false	false			Normal	Normal	Normal		Mollaret's meningitis HSV2	Table 6 Defects in intrinsic and innate immunity	Subtable 4 Herpes Simplex Encephalitis (HSE)	293
MAP3K14	MAP3K14	NIK deficiency	AR		false	true	false	604655	Nl number, poor proliferation to antigen	Low, low switched memory B cells			Low NK	Recurrent bacterial, viral and Cryptosporidium infections	Table 1 Immunodeficiencies affecting cellular and humoral immunity	Subtable 3 Combined Immunodeficiencies Generally Less Profound than Severe Combined Immunodeficiency	294
MAPK8	MAPK8	MAPK8 deficiency	AD		true	false	false		Low Th17	Normal	Normal	Normal		CMC and Ehlers Danlos	Table 6 Defects in intrinsic and innate immunity	Subtable 6 Predisposition to Mucocutaneous Candidiasis	295
MASP2	MASP2	MASP2 deficiency	AR		false	true	false	605102	Normal	Normal	Normal	Normal		Pyogenic infections, inflammatory lung disease, autoimmunity	Table 8 Complement Deficiencies		296
MCM10	MCM10	MCM10 deficiency	AR		false	true	false		Mild lymphopenia with decreased CM, EM T cells	Low	Slightly low IgG		VERY low NK, absent CD56dim, poor NK function	CMV, HLH-like, phenocopies GINS1 and MCM4	Table 2 Combined immunodeficiencies with associated or syndromic features	Subtable 2 DNA Repair Defects other than those listed in Table 1	297
MCM4	MCM4	MCM4 deficiency	AR		false	true	false	602638	Normal	Normal	Normal		Low NK	Viral infections (EBV, HSV, VZV), short stature, B cell lymphoma, adrenal failure	Table 2 Combined immunodeficiencies with associated or syndromic features	Subtable 2 DNA Repair Defects other than those listed in Table 1	298
MCTS1	MCTS1	MCTS1 deficiency	XL		false	false	true	301115						Severe MSMD, histoplasmosis	Table 6 Defects in intrinsic and innate immunity	Subtable 1 Mendelian Susceptibility to mycobacterial disease (MSMD)	299
MECOM	MECOM	EVI1, MECOM deficiency	AD		true	false	false		Pancytopenia with thrombocytopenia most common	B cell deficiency variable	Variable	Pancytopenia		Somatic features: radioulnar synostosis, clinodactyly, cardiac and renal malformations, late onset hearing loss. Genotype-phenotype correlation with B cell deficiency associated with C-terminal mutations. Phenocopies HOXA11 deficient patients	Table 9 Bone marrow failure		300
MEFV	MEFV	Familial Mediterranean fever	AR		false	true	false	249100	Normal	Normal	Normal	Normal	Mature granulocytes, cytokine-activated monocytes.	Recurrent fever, serositis and inflammation responsive to colchicine. Predisoposes to vasculitis and inflammatory bowel disease.	Table 7 Autoinflammatory Disorders	Subtable 2 Defects Affecting the Inflammasome	301
MEFV	MEFV	Familial Mediterranean fever	AD		true	false	false	249100	Normal	Normal	Normal	Normal	Mature granulocytes, cytokine-activated monocytes.	Recurrent fever, serositis and inflammation responsive to colchicine. Predisoposes to vasculitis and inflammatory bowel disease. Usually M694del variant.	Table 7 Autoinflammatory Disorders	Subtable 2 Defects Affecting the Inflammasome	302
MOGS	MOGS (GCS1)	Mannosyl-oligosaccharide glucosidase deficiency (MOGS)	AR		false	true	false	601336	Normal	Normal	Low			Bacterial and viral infections, severe neurologic disease, also known as congenital disorder of glycosylation type IIb (CDG-IIb) (GCS1)	Table 3 Predominantly Antibody Deficiencies	Subtable 2 CVID Phenotype	303
MRTFA	MRTFA	Neutropenia with combined immune deficiency due to MKL1 deficiency	AR		false	true	false	606078				Low		Mild thrombocytopenia	Table 5 Congenital defects of phagocyte number or function	Subtable 2 Defects of Motility	304
MSH6	MSH6	MSH6	AR		false	true	false	600678			Low IgG and IgA with normal or high IgM			Family or personal history of cancer	Table 3 Predominantly Antibody Deficiencies	Subtable 3 Severe Reduction in Serum IgG and IgA with Normal/Elevated IgM and Normal Numbers of B cells, Hyper IgM	305
MSN	MSN	Moesin deficiency	XL		false	false	true	300988	Nl number, defective migration, proliferaton	Low number		Low		Recurrent infections with bacteria, varicella	Table 1 Immunodeficiencies affecting cellular and humoral immunity	Subtable 3 Combined Immunodeficiencies Generally Less Profound than Severe Combined Immunodeficiency	306
MTHFD1	MTHFD1	Methylene-tetrahydrofolate dehydrogenase 1 (MTHFD1) deficiency	AR		false	true	false	172460	Low thymic output, normal in vitro proliferation	Low	Low	Low		Recurrent bacterial infection, Pneumocystis jirovecii, megaloblastic anemia, failure to thrive, neutropenia, seizures, intellectual disability, folate-responsive	Table 2 Combined immunodeficiencies with associated or syndromic features	Subtable 6 Defects of Vitamin B12 and Folate Metabolism	307
MVK	MVK	Mevalonate kinase deficiency (Hyper IgD syndrome)	AR		false	true	false	260920	Normal	Normal	Normal	Normal	Somatic and hemaotpoietic	Periodic fever and leukocytosis with high IgD levels	Table 7 Autoinflammatory Disorders	Subtable 2 Defects Affecting the Inflammasome	308
MYD88	MYD88	MyD88 deficiency	AR		false	true	false	602170	Normal	Normal	Normal	Normal	Lymphocytes + Granulocytes+ Monocytes	Bacterial infections (pyogens)	Table 6 Defects in intrinsic and innate immunity	Subtable 7 TLR Signaling Pathway Deficiency with Bacterial Susceptibility	309
MYSM1	MYSM1	MYSM1 deficiency	AR		false	true	false	612176	T cell lymphopenia, reduced naïve T cells	Immature B cells				Short stature, recurrent infections, congenital bone marrow failure, myelodysplasia, immunodeficiency affecting B-cells and granulocytes, skeletal anomalies, cataracts, developmental delay.	Table 2 Combined immunodeficiencies with associated or syndromic features	Subtable 4 Immuno-osseous Dysplasias	310
NBAS	NBAS	Acute liver failure due to NBAS deficiency	AR		false	true	false	608025	Normal	Normal	Normal	Normal	Somatic and hematopoietic	Fever induces liver failure	Table 6 Defects in intrinsic and innate immunity	Subtable 8 Other Inborn Errors of Immunity Related to Non-Hematopoietic Tissues	311
NBEAL2	NBEAL2	NBEAL2 deficiency	AR		false	true	false	139090	Low CTLA4, normal Treg counts				Grety platelet syndrome	Splenomegaly, EBV, HLH	Table 4 Diseases of Immune Dysregulation	Subtable 3 Regulatory T Cell Defects	312
NBN	NBN	Nijmegen breakage syndrome	AR		false	true	false	602667	Progressive decrease	Variably reduced	Variable			Microcephaly, dysmorphic facies, lymphomas, solid tumors, increased radiosensitivity, chromosomal instability	Table 2 Combined immunodeficiencies with associated or syndromic features	Subtable 2 DNA Repair Defects other than those listed in Table 1	313
NCF1	NCF1	Autosomal recessive CGD p47phox	AR		false	true	false	608512			Normal	Normal	Neutrophil dysfunction	Infections, autoinflammatory phenotype	Table 5 Congenital defects of phagocyte number or function	Subtable 3 Defects of Respiratory Burst	314
NCF2	NCF2	Autosomal recessive CGD p67phox	AR		false	true	false	608515			Normal	Normal	Neutrophil dysfunction	Infections, autoinflammatory phenotype	Table 5 Congenital defects of phagocyte number or function	Subtable 3 Defects of Respiratory Burst	315
NCF4	NCF4	Autosomal recessive CGD p40phox	AR		false	true	false	601488			Normal	Normal	Neutrophil dysfunction	Infections, autoinflammatory phenotype	Table 5 Congenital defects of phagocyte number or function	Subtable 3 Defects of Respiratory Burst	316
NCKAP1L	NCKAPIL	HEM1 (NCKAPIL) deficiency	AR		false	true	false		Normal T cell counts but high TCM, decreased prolfieration	Normal	Normal to high			Infections, skin rashes, ulcers, SLE-like, fever, HLH-like, FTT. High Th1 cytokines	Table 7 Autoinflammatory Disorders	Subtable 3 Non-Inflammasome Related Conditions	317
NCSTN	NCSTN	NCSTN deficiency hidradenitis suppurativa	AD		true	false	false	605254	Normal	Normal	Normal	Normal	Epidermis	Hidradenitis suppurativa with acne	Table 6 Defects in intrinsic and innate immunity	Subtable 8 Other Inborn Errors of Immunity Related to Non-Hematopoietic Tissues	318
NFAT5	NFAT5	NFAT5 haploinsufficiency	AD		true	false	false	604708	Normal	Normal	Normal	Normal		IBD, recurrent sinopulmonary infections	Table 4 Diseases of Immune Dysregulation	Subtable 5 Immune Dysregulation with Colitis	319
NFATC1	NFATC1	NFATC1 deficiency	AR		false	true	false		Normal	Low switched memory	Hypogammaglobuliemia	Normal		Sinopulmonary infections, warts	Table 1 Immunodeficiencies affecting cellular and humoral immunity	Subtable 3 Combined Immunodeficiencies Generally Less Profound than Severe Combined Immunodeficiency	320
NFATC2	NFATC2	NFAT1 deficiency	AR		false	true	false	620232	Normal	Low class switched B cells				Joint contractures, osteochondromas, B cell lymphoma. EBV driven lymphoproliferation, hypogamglobulinemia	Table 4 Diseases of Immune Dysregulation	Subtable 4 Autoimmunity with or without Lymphoproliferation	321
NFE2L2	NFE2L2	NFE2L2 GOF	AD		true	false	false	617744		Decreased switched memory B cells	Low			Recurrent respiratory and skin infections, growth retardation, , developmental delay; white matter cerebral lesions, increased level of homocysteine; increased expression of stress response genes	Table 2 Combined immunodeficiencies with associated or syndromic features	Subtable 9 Other Combined immunodeficiencies wwith syndromic features	322
NFKB1	NFKB1	NFKB1 deficiency	AD		true	false	false	164011						Recurrent sinopulmonary infections, COPD, EBV proliferation, autoimmune cytopenias, alopecia and autoimmune thyroiditis	Table 3 Predominantly Antibody Deficiencies	Subtable 2 CVID Phenotype	323
NFKB2	NFKB2	NFKB2 deficiency	AD		true	false	false	615577						Recurrent sinopulmonary infections, alopecia and endorinopathies	Table 3 Predominantly Antibody Deficiencies	Subtable 2 CVID Phenotype	324
NFKBIA	NFKBIA	EDA-ID due to IKBA GOF	AD	GOF	true	false	false	164008	Normal total T cells, TCR activation impaired	Normal B cell numbers, impaired BCR activation, low memory and isotype switched B cells	Decreased IgG and IgA, elevated IgM, poor specific antibody responses, absent antibody to polysaccharide antigens			Anhidrotic ectodermal dysplasia, various infections (bacteria, mycobacteria, viruses and fungi), colitis, variable defects of skin, hair and teeth, T cell and monocyte dysfunction	Table 2 Combined immunodeficiencies with associated or syndromic features	Subtable 7 Anhidrotic Ectodermodysplasia with Immunodeficiency (EDA-ID)	325
NHEJ1	NHEJ1	Cernunnos/XLF deficiency	AR		false	true	false	611290	Very low	Very low	Low	Normal		Radiation sensitive, microcephaly	Table 1 Immunodeficiencies affecting cellular and humoral immunity	Subtable 2 T-B- SCID	326
NLRC4	NLRC4	NLRC4 (GOF)-MAS (macrophage activating syndrome) or familial cold autoinflammatory syndrome 4	AD	GOF	true	false	false	616115	Normal	Normal	Normal	Normal	PMNs monocytes macrophages	Severe enterocolitis and macrophage activation syndrome	Table 7 Autoinflammatory Disorders	Subtable 2 Defects Affecting the Inflammasome	327
NLRP1	NLRP1	NLRP1 deficiency	AR		false	true	false	606579	Normal	Normal	Normal	Normal	leukocytes	Dyskeratosis, autoimmunity and arthritis	Table 7 Autoinflammatory Disorders	Subtable 2 Defects Affecting the Inflammasome	328
NLRP1	NLRP1	NLRP1 GOF	AD	GOF	true	false	false	615225	Normal	Normal	Normal	Normal	Keratinocytes	Palmoplantar carcinoma, corneal scarring	Table 7 Autoinflammatory Disorders	Subtable 2 Defects Affecting the Inflammasome	329
NLRP12	NLRP12	Familial cold autoinflammatory syndrome 2	AD	GOF	true	false	false	611762	Normal	Normal	Normal	Normal	PMNs, monocytes	Non-pruritic urticaria, arthritis, chills, fever and leukocytosis after cold exposure.	Table 7 Autoinflammatory Disorders	Subtable 2 Defects Affecting the Inflammasome	330
NLRP3	NLRP3	Familial cold autoinflammatory syndrome 1	AD	GOF	true	false	false	120100	Normal	Normal	Normal	Normal	PMNs, monocytes	Non-pruritic urticaria, arthritis, chills, fever and leukocytosis after cold exposure.	Table 7 Autoinflammatory Disorders	Subtable 2 Defects Affecting the Inflammasome	331
NLRP3	NLRP3	Neonatal onset multisystem inflammatory disease (NOMID) or chronic infantile neurologic cutaneous and articular syndrome (CINCA)	AD	GOF	true	false	false	607115	Normal	Normal	Normal	Normal	PMNs, chondrocytes	Neonatal onset rash, chronic meningitis, and arthropathy with fever and inflammation.	Table 7 Autoinflammatory Disorders	Subtable 2 Defects Affecting the Inflammasome	332
NLRP3	NLRP3	Muckle-Wells syndrome	AD	GOF	true	false	false	191900	Normal	Normal	Normal	Normal	PMNs Monocytes	Urticaria, SNHL, amyloidosis.	Table 7 Autoinflammatory Disorders	Subtable 2 Defects Affecting the Inflammasome	333
NOD2	NOD2	Blau syndrome	AD		true	false	false	186580	Normal	Normal	Normal	Normal	Monocytes	Uveitis, granulomatous synovitis, camptodactyly, rash and cranial neuropathies, 30% develop Crohn colitis	Table 7 Autoinflammatory Disorders	Subtable 3 Non-Inflammasome Related Conditions	334
NHP2	NOLA2	DKCB2	AR		false	true	false	613987	normal to low	Normal to low			Hematopoietic stem cell	Bone marrow failure, pulmonary and hepatic fibrosis, nail dystrophy, leukoplakia, reticulate skin pigmentation; microcephaly, neurodevelopmental delay	Table 9 Bone marrow failure		335
NOP10	NOLA3	DKCB1	AR		false	true	false	224230	normal to low	Normal to low			Hematopoietic stem cell	Bone marrow failure, pulmonary and hepatic fibrosis, nail dystrophy, leukoplakia, reticulate skin pigmentation; microcephaly, neurodevelopmental delay	Table 9 Bone marrow failure		336
NOS2	NOS2	NOS2 deficiency	AR		false	true	false		Low CD4 T cells	Low		Normal			Table 6 Defects in intrinsic and innate immunity	Subtable 3 Predisposition to Severe Viral Infection	337
NSMCE3	NSMCE3	NSMCE3 deficiency	AR		false	true	false	608243	Number decreased, poor response to mitogens and antigens	Normal	Normal IgG, IgA, normal to elevated IgM; decreased antibody responses to PPS			Severe lung disease (possibly viral), thymic hypoplasia, Chromosomal breakage, radiation sensitivity	Table 2 Combined immunodeficiencies with associated or syndromic features	Subtable 2 DNA Repair Defects other than those listed in Table 1	338
NUDCD3	NUDCD3	NUDCD3 deficiency	AR		false	true	false	NA	Very low	Very low	Decreased			Omenn syndrome	Table 1 Immunodeficiencies affecting cellular and humoral immunity	Subtable 2 T-B- SCID	339
OAS1	OAS1	OAS1 deficiency	AR		false	true	false							MISC	Table 6 Defects in intrinsic and innate immunity	Subtable 3 Predisposition to Severe Viral Infection	340
OAS1	OAS1	OAS1 GOF	AD	GOF	true	false	false	164350						Pulmonary alveolar proteinosis, skin rash	Table 7 Autoinflammatory Disorders	Subtable 1 Type 1 Interferonopathies	341
OAS2	OAS2	OAS2 deficiency	AR		false	true	false							MISC	Table 6 Defects in intrinsic and innate immunity	Subtable 3 Predisposition to Severe Viral Infection	342
ORAI1	ORAI1	ORAI-1 deficiency	AR		false	true	false	610277	Normal, defective TCR mediated activation	Normal	Normal			Autoimmunity, EDA, non-progressive myopathy	Table 2 Combined immunodeficiencies with associated or syndromic features	Subtable 8 Calcium Channel Defects	343
OSTM1	OSTM1	OSTM1 deficiency associated osteopetrosis	AR		false	true	false	607649					Osteoclasts	Osteopetrosis with hypocalcemia, neurologic features	Table 6 Defects in intrinsic and innate immunity	Subtable 8 Other Inborn Errors of Immunity Related to Non-Hematopoietic Tissues	344
OTULIN	OTULIN	Otulipenia/ORAS	AR		false	true	false	615712					Leukocytes	Fever, diarrhea , dermatitis	Table 7 Autoinflammatory Disorders	Subtable 3 Non-Inflammasome Related Conditions	345
OTULIN	OTULIN	Otulin deficiency	AD	DN	true	false	false	615712						Inflammatory disease	Table 7 Autoinflammatory Disorders	Subtable 3 Non-Inflammasome Related Conditions	346
OTULIN	OTULIN	Otulin haplosufficiency	AD		true	false	false	615712						Inflammatory disease, Staphylococcus aureus infection	Table 7 Autoinflammatory Disorders	Subtable 3 Non-Inflammasome Related Conditions	347
PALB2	PALB2	Fanconi Anemia Type N	AR		false	true	false	610832	normal to low	Normal to low			Hematopoietic stem cell	Normal to low NK, CNS, skeletal, skin, cardiac, GI, urogenital anomalies, increased chromosomal breakage	Table 9 Bone marrow failure		348
PARN	PARN	DKCB6	AR		false	true	false	616353	normal to low	Normal to low			Hematopoietic stem cell	developmental delay, microcephaly, and cerebellar hypoplasia	Table 9 Bone marrow failure		349
PAX1	PAX1	PAX1 deficiency	AR		false	true	false		Very low	Normal	Low	Normal		Athymia, otofaciocervical syndrome	Table 1 Immunodeficiencies affecting cellular and humoral immunity	Subtable 1 T-B+ SCID	350
PAX5	PAX5	PAX5 deficiency	AR		false	true	false			Low	Low			autism spectrum disorder (ASD) and sensorimotor and cognitive defects	Table 3 Predominantly Antibody Deficiencies	Subtable 1 Severe Reduction in All Serum Immunoglobulin Isotypes with Profoundly Decreased or Absent B Cells, Agammaglobulinemia	351
PDCD1	PDCD1	PD1 deficiency	AR		false	true	false		mild lymphopenia but mostly intact. Increased CD4-CD8- DN T cells, Decreased Vδ2+ γδ T, MAIT and CD56hi NK cells	Normal	high serum IgG, IgA; normal IgM, IgE. Anti-insulin autoantibody			Tuberculosis, autoimmunity (T1D, hypothyroidism and JIA), fatal pulmonary autoimmunity, hepatosplenomegaly	Table 4 Diseases of Immune Dysregulation	Subtable 4 Autoimmunity with or without Lymphoproliferation	352
PEPD	PEPD	Prolidase deficiency	AR		false	true	false	613230	Normal	Normal				Autoantibodies common, chronic skin ulcers, eczema, infections	Table 4 Diseases of Immune Dysregulation	Subtable 4 Autoimmunity with or without Lymphoproliferation	353
PGM3	PGM3	PGM3 deficiency	AR		false	true	false	172100	CD8 and CD4 T cells may be decreased	Low B and memory B cells	Normal or elevated IgG and IgA, most high IgE,			Severe atopy, autoimmunity, bacterial and viral infections, skeletal anomalies dysplasia: short stature, brachydactyly, dysmorphic facial features, and intellectual disability cognitive impairment, hypomyelination	Table 2 Combined immunodeficiencies with associated or syndromic features	Subtable 5 Hyper IgE Syndromes (HIES)	354
PIK3CD	PIK3CD	PIK3CD deficiency	AR		false	true	false			Very low	Very low			Severe bacterial infections; autoimmune complications (IBD)	Table 3 Predominantly Antibody Deficiencies	Subtable 1 Agammaglobulinemia	355
PIK3CD	PIK3CD GOF	PIK3CD mutation (GOF) APDS1	AD	GOF	true	false	false	602839		increased immature B cells, reduced memory B cells and increased transitional B cells	Normal/increased IgM, reduced IgG and IgA			Severe bacterial infections, EBV ± CMV viremia, autoimmunity, lymphadenopathy/splenomegaly,lymphoproliferation, lymphoma	Table 3 Predominantly Antibody Deficiencies	Subtable 2 CVID Phenotype	356
PIK3CG	PIK3CG	PIK3CG deficiency	AR		false	true	false		Normal CD4 but low Treg, low CD8, poor proliferation	Normal but diminished memory	Low with preserved vaccine resposnes		Eosinophilia	Adenopathy, splenomegaly, HLH-like	Table 3 Predominantly Antibody Deficiencies	Subtable 2 CVID Phenotype	357
PIK3R1	PIK3R1	PIK3R1 deficiency	AR		false	true	false	171833		Very low	Very low			Severe bacterial infections, decreased or absent pro-B cells	Table 3 Predominantly Antibody Deficiencies	Subtable 1 Agammaglobulinemia	358
PIK3R1	PIK3R1	PIK3R1 deficiency (LOF) APDS2	AD		true	false	false	616005		increased immature B cells, reduced memory B cells and increased transitional B cells	Normal/increased IgM, reduced IgG and IgA			Severe bacterial infections, lymphadenopathy/splenomegaly,lymphoproliferation, lymphoma; developmental delay	Table 3 Predominantly Antibody Deficiencies	Subtable 2 CVID Phenotype	359
PLCG1	PLCG1	PLCG1 GOF disease	AD	GOF	true	false	false	620514	Normal	Normal			Type I interferon signature	ALPS-like	Table 4 Diseases of Immune Dysregulation	Subtable 4 Autoimmunity with or without Lymphoproliferation	360
PLCG2	PLCG2	PLAID (PLCg2 associated antibody deficiency and immune dysregulation) or familial cold autoinflammatory syndrome 3 or APLAID (c2120A>C)	AD	GOF	true	false	false	614468	Normal	Normal	Normal	Normal	B cells, NK, Mast cells	Cold urticaria hypogammaglobulinemia, autoinflammation	Table 7 Autoinflammatory Disorders	Subtable 3 Non-Inflammasome Related Conditions	361
PLEKHM1	PLEKHM1	PLEKHM1 deficiency associated osteopetrosis	AR		false	true	false	611466					Osteoclasts	Osteopetrosis	Table 6 Defects in intrinsic and innate immunity	Subtable 8 Other Inborn Errors of Immunity Related to Non-Hematopoietic Tissues	362
PMS2	PMS2	PMS2 Deficiency	AR		false	true	false	600259	Normal	Low B cells, switched and non-switched	Low IgG and IgA, high IgM, abnormal antibody responses			Recurrent infections, café-au-lait spots, lymphoma, colorectal carcinoma, brain tumors	Table 2 Combined immunodeficiencies with associated or syndromic features	Subtable 2 DNA Repair Defects other than those listed in Table 1	363
PMVK	PMVK	PVMK deficiency	AR		false	true	false							Phenococpies MVK deficiency, fevers, arthritis	Table 7 Autoinflammatory Disorders	Subtable 2 Defects Affecting the Inflammasome	364
PNP	PNP	Purine nucleoside phosphorylase (PNP) deficiency	AR		false	true	false	164050	Progressive decrease	Normal	Normal to low	Variable		Autoimmune haemolytic anemia, neurological impairment	Table 2 Combined immunodeficiencies with associated or syndromic features	Subtable 9 Other Combined immunodeficiencies wwith syndromic features	365
POLA1	POLA1	X-linked reticulate pigmentary disorder-POLA1	XL		false	false	true	301220						Hyperpigmentation, characteristic facies, lung and GI involvement	Table 2 Combined immunodeficiencies with associated or syndromic features	Subtable 2 DNA Repair Defects other than those listed in Table 1	366
POLD1	POLD1	Polymerase d 1 deficiency	AR		false	true	false	174761	Low CD4 T cells	Low	Low			Recurrent respiratory tract infections, skin infections, warts and molluscum, short stature, intellectual disability	Table 1 Immunodeficiencies affecting cellular and humoral immunity	Subtable 3 Combined Immunodeficiencies Generally Less Profound than Severe Combined Immunodeficiency	367
POLD2	POLD2	Polymerase d 2 deficiency	AR		false	true	false	600815	Low CD4 T cells	Low	Low			Recurrent respiratory tract infections, skin infections, warts and molluscum, short stature, intellectual disability	Table 1 Immunodeficiencies affecting cellular and humoral immunity	Subtable 3 Combined Immunodeficiencies Generally Less Profound than Severe Combined Immunodeficiency	368
POLD3	POLD3	Polymerase d 3 deficiency	AR		false	true	false		Low naïve T cells	Normal	Low		Athymia	Omenn syndrome, athymia	Table 1 Immunodeficiencies affecting cellular and humoral immunity	Subtable 3 Combined Immunodeficiencies Generally Less Profound than Severe Combined Immunodeficiency	369
POLE	POLE1	POLE1 (Polymerase ε subunit 1) deficiency (FILS syndrome)	AR		false	true	false	174762	Decreased T cell proliferation	Low memory B cells				Recurrent respiratory infections, meningitis, facial dysmorphism, livido, short stature	Table 2 Combined immunodeficiencies with associated or syndromic features	Subtable 2 DNA Repair Defects other than those listed in Table 1	370
POLE2	POLE2	POLE2 (Polymerase ε subunit 2) deficiency	AR		false	true	false	602670	Lymphopenia, lack of TRECS, absent proliferation in response to antigens	Very low				Recurrent infections, disseminated BCG infections, autoimmunity (type 1 diabetes, hypothyroidism, facial dysmorphism	Table 2 Combined immunodeficiencies with associated or syndromic features	Subtable 2 DNA Repair Defects other than those listed in Table 1	371
POLR3A	POLR3A	RNA polymerase III deficiency due to POLR3A defects	AD		true	false	false		Normal	Normal	Normal	Normal		Severe VZV	Table 6 Defects in intrinsic and innate immunity	Subtable 3 Predisposition to Severe Viral Infection	372
POLR3C	POLR3C	RNA polymerase III deficiency due to POLR3C defects	AD		true	false	false		Normal	Normal	Normal	Normal		Severe VZV	Table 6 Defects in intrinsic and innate immunity	Subtable 3 Predisposition to Severe Viral Infection	373
POLR3F	POLR3F	RNA polymerase III deficiency due to POLR3F defects	AD		true	false	false		Normal	Normal	Normal	Normal		Severe VZV	Table 6 Defects in intrinsic and innate immunity	Subtable 3 Predisposition to Severe Viral Infection	374
POMP	POMP	PRAID	AD		true	false	false		Low CD8	Low				Interferon signature, panniculitis, autoimmunity, lipodystrophy	Table 7 Autoinflammatory Disorders	Subtable 3 Non-Inflammasome Related Conditions	375
POU2AF1	POU2AF1	POU2AF1 deficiency	AR		false	true	false		Normal numbers T cells, decreased cTfh cells	Normal B cell numbers, decreased switched memory B cells, and altered B cell phenotype	Agammaglobulinemia			Recurrent respiratory infections, possible chronic viral infection	Table 3 Predominantly Antibody Deficiencies	Subtable 2 CVID Phenotype	376
PRF1	PRF1	Perforin deficiency (FHL2)	AR		false	true	false	170280	Increased activated T cells	Normal	Normal	Neutropenia with active HLH		Fever, HSM, Hemophagocytic lymphohistiocytosis (HLH), cytopenias	Table 4 Diseases of Immune Dysregulation	Subtable 1 Familial Hemophagocytic Lymphohistiocytosis (FHL syndromes)	377
PRIM1	PRIM1	PRIM1	AR		false	true	false	620005	Normal	Low	Low			Dysmorphic, basal ganglia calcification, Type I IFN	Table 1 Immunodeficiencies affecting cellular and humoral immunity	Subtable 3 Combined Immunodeficiencies Generally Less Profound than Severe Combined Immunodeficiency	378
PRKCD	PRKCD	PRKCD deficiency	AR		false	true	false	176977	Normal	Low memory B cells, high CD5 B cells				Recurrent infections, EBV chronic infection, lymphoproliferation, SLE-like autoimmunity (nephrotic and antiphospholipid syndromes), low IgG	Table 4 Diseases of Immune Dysregulation	Subtable 7 Susceptibility to EBV and Lymphoproliferative Conditions	379
PRKDC	PRKDC	DNA PKcs deficiency	AR		false	true	false	176977	Very low	Very low	Variable	Normal		Radiation sensitive	Table 1 Immunodeficiencies affecting cellular and humoral immunity	Subtable 2 T-B- SCID	380
PSEN1	PSEN	PSEN deficiency hidradenitis suppurativa	AD		true	false	false	104311	Normal	Normal	Normal	Normal	Epidermis	Hidradenitis suppurative with cutaneous hyperpigmentation	Table 6 Defects in intrinsic and innate immunity	Subtable 8 Other Inborn Errors of Immunity Related to Non-Hematopoietic Tissues	381
PSENEN	PSENEN	PSENEN deficiency hidradenitis suppurativa	AD		true	false	false	607632	Normal	Normal	Normal	Normal	Epidermis	Hidradenitis suppurativa	Table 6 Defects in intrinsic and innate immunity	Subtable 8 Other Inborn Errors of Immunity Related to Non-Hematopoietic Tissues	382
PSMB10	PSMB10	PSMB10 associated Omenn Syndrome	AD		true	false	false		Low	Low	Low			Omenn syndrome	Table 1 Immunodeficiencies affecting cellular and humoral immunity	Subtable 3 Combined Immunodeficiencies Generally Less Profound than Severe Combined Immunodeficiency	383
PSMB10	PSMB10	PRAAS- CANDLE	AR		false	true	false							Interferon signature, panniculitis, autoimmunity, lipodystrophy	Table 7 Autoinflammatory Disorders	Subtable 3 Non-Inflammasome Related Conditions	384
PSMB4	PSMB4	PRAAS- CANDLE	AR and digenic		false	true	false							Interferon signature, panniculitis, autoimmunity, lipodystrophy	Table 7 Autoinflammatory Disorders	Subtable 3 Non-Inflammasome Related Conditions	385
PSMB8	PSMB8	CANDLE (chronic atypical neutrophilic dermatitis with lipodystrophy)	AR		false	true	false	256040						Contractures, panniculitis, ICC, fevers	Table 7 Autoinflammatory Disorders	Subtable 3 Non-Inflammasome Related Conditions	386
PSMB8	PSMB8	CANDLE (chronic atypical neutrophilic dermatitis with lipodystrophy)	AD		true	false	false	256040						Contractures, panniculitis, ICC, fevers	Table 7 Autoinflammatory Disorders	Subtable 3 Non-Inflammasome Related Conditions	387
PSMB9	PSMB9	PRAAS -like condition	AR		false	true	false		Mild pancytopenia	Mild pancytopenia	Variable	Mild pancytopenia		Severe autoinflammatory phenotype (neonatal-onset fever, a chilblain-like skin rash, myositis	Table 7 Autoinflammatory Disorders	Subtable 3 Non-Inflammasome Related Conditions	388
PSMB9	PSMB9	PRAAS -like condition	AD and various		true	false	false		Mild pancytopenia	Mild pancytopenia	Variable	Mild pancytopenia		Severe autoinflammatory phenotype (neonatal-onset fever, Immunodeficiency.	Table 7 Autoinflammatory Disorders	Subtable 3 Non-Inflammasome Related Conditions	389
PSMD12	PSMD12	PSMD12 disorder	AR		false	true	false							Interferon signature, autinfalmmation, neurodevlopmental disorder	Table 7 Autoinflammatory Disorders	Subtable 3 Non-Inflammasome Related Conditions	390
PSMG2	PSMG2	CANDLE (chronic atypical neutrophilic dermatitis with lipodystrophy)	AR		false	true	false	609702	Normal	Normal	Normal	Normal		Panniculitis, lipodystrophy, autoimmune hemolytic anemia	Table 7 Autoinflammatory Disorders	Subtable 3 Non-Inflammasome Related Conditions	391
PSTPIP1	PSTPIP1	Pyogenic sterile arthritis, pyoderma gangrenosum, acne (PAPA) syndrome, hyperzincemia and hypercalprotectinemia	AD		true	false	false	604416	Normal	Normal	Normal	Normal	Hematopoietic tissues, upregulated in activated T-cells	Destructive arthritis, inflammatory skin rash, myositis	Table 7 Autoinflammatory Disorders	Subtable 3 Non-Inflammasome Related Conditions	392
PTCRA	PTCRA	PTCRA deficiency	AR		false	true	false		Low T cell in infancy	Normal				Autoantibodies, norma pateints are normal	Table 2 Combined immunodeficiencies with associated or syndromic features	Subtable 9 Other Defects	393
PTEN	PTEN	PTEN Deficiency (LOF)	AD		true	false	false	601728			Normal to low			Recurrent infections, Lymphoproliferation, Autoimmunity; developmental delay	Table 3 Predominantly Antibody Deficiencies	Subtable 2 CVID Phenotype	394
PTPRC	PTPRC	CD45 deficiency	AR		false	true	false	151460	Very low	Normal	Low	Normal			Table 1 Immunodeficiencies affecting cellular and humoral immunity	Subtable 1 T-B+ SCID	395
RAB27A	RAB27A	Griscelli syndrome, type 2	AR		false	true	false	603868	Normal	Normal				Partial albinism, fever, HSM, HLH, cytopenias	Table 4 Diseases of Immune Dysregulation	Subtable 2 FHL Syndromes with Hypopigmentation	396
RAC2	RAC2	Activated RAC2 defect	AD	GOF	true	false	false	602049	Very low	Very low	Low	Low		Reticular dysgenesis	Table 1 Immunodeficiencies affecting cellular and humoral immunity	Subtable 2 T-B- SCID	397
RAC2	RAC2	RAC2 deficiency	AR		false	true	false	602049			Low			Recurrent sinopulmonary infections, selective IgA defiency; poststreptococcal glomerulonephritis; urticaria	Table 3 Predominantly Antibody Deficiencies	Subtable 2 CVID Phenotype	398
RAC2	RAC2	Rac 2 deficiency (LOF)	AD LOF		true	false	false	602049				High		Poor wound healing, leukocytosis	Table 5 Congenital defects of phagocyte number or function	Subtable 2 Defects of Motility	399
RAD50	RAD50	RAD50 deficiency	AR		false	true	false	613078	Low	Low				Microcephaly, mental retardation, bird-like face, short stature.	Table 2 Combined immunodeficiencies with associated or syndromic features	Subtable 2 DNA Repair Defects other than those listed in Table 1	400
RAD51	RAD51	Fanconi Anemia Type R	AR		false	true	false	617244	normal to low	Normal to low			Hematopoietic stem cell	normal to low NK, CNS, skeletal, skin, cardiac, GI, urogenital anomalies, increased chromosomal breakage	Table 9 Bone marrow failure		401
RAD51C	RAD51C	Fanconi Anemia Type O	AR		false	true	false	613390	normal to low	Normal to low			Hematopoietic stem cell	Normal to low NK, CNS, skeletal, skin, cardiac, GI, urogenital anomalies, increased chromosomal breakage	Table 9 Bone marrow failure		402
RAG1	RAG1	RAG1 deficiency	AR		false	true	false	179615	Very low	Very low	Low	Normal			Table 1 Immunodeficiencies affecting cellular and humoral immunity	Subtable 2 T-B- SCID	403
RAG2	RAG2	RAG2 deficiency	AR		false	true	false	179616	Very low	Very low	Low	Normal			Table 1 Immunodeficiencies affecting cellular and humoral immunity	Subtable 2 T-B- SCID	404
RANBP2	RANBP2	Acute necrotizing encephalopathy	AD		true	false	false	601181	Normal	Normal	Normal	Normal	Ubiquitous expression	Fever induces acute encephalopathy	Table 6 Defects in intrinsic and innate immunity	Subtable 8 Other Inborn Errors of Immunity Related to Non-Hematopoietic Tissues	405
RASGRP1	RASGRP1	RASGRP1 deficiency	AR		false	true	false	603962	Poor activation, proliferation, motility	Poor activation, proliferation, motility		Normal		Recurrent pneumonia, herpesvirus infections, EBV associated lymphoma	Table 4 Diseases of Immune Dysregulation	Subtable 7 Susceptibility to EBV and Lymphoproliferative Conditions	406
RBCK1	RBCK1	HOIL1 deficiency	AR		false	true	false	610924	Normal numbers	Normal, decreased memory B cells				Bacterial infections, autoinflammation, amylopectinosis	Table 2 Combined immunodeficiencies with associated or syndromic features	Subtable 9 Other Combined immunodeficiencies wwith syndromic features	407
RECQL4	RECQL4	RECQL4 disorders	AR		false	true	false	268400	Normal or low	Normal or low	Normal or low				Table 2 Combined immunodeficiencies with associated or syndromic features	Subtable 2 DNA Repair Defects other than those listed in Table 1	408
REL	REL	c-Rel deficiency	AR		false	true	false	164910	Normal	Low	Low			Recurrent infections with bacteria, mycobacteria, salmonella and opportunistic infections	Table 1 Immunodeficiencies affecting cellular and humoral immunity	Subtable 3 Combined Immunodeficiencies Generally Less Profound than Severe Combined Immunodeficiency	409
RELA	RELA	RelA haplosufficiency	AD		true	false	false	618287	Normal	Normal	Normal			Mucosal ulceration, impaired NFkB activation	Table 1 Immunodeficiencies affecting cellular and humoral immunity	Subtable 3 Combined Immunodeficiencies Generally Less Profound than Severe Combined Immunodeficiency	410
RELA	RELA	RELA interferonopathy	AD	DN	true	false	false	618287						Type I interferon signature, mucocutaneous ulcers, feerts, cytopenias, IBD	Table 7 Autoinflammatory Disorders	Subtable 1 Type 1 Interferonopathies	411
RELB	RELB	RelB deficiency	AR		false	true	false	604758	Nl number, poor diversity, poor function					Recurrent infections	Table 1 Immunodeficiencies affecting cellular and humoral immunity	Subtable 3 Combined Immunodeficiencies Generally Less Profound than Severe Combined Immunodeficiency	412
RFWD3	RFWD3	Fanconia Anemia Type W	AR		false	true	false	617784	normal to low	Normal to low			Hematopoietic stem cell	normal to low NK, CNS, skeletal, skin, cardiac, GI, urogenital anomalies, increased chromosomal breakage	Table 9 Bone marrow failure		413
RFX5	RFX5	MHC class II deficiency group C	AR		false	true	false	601863	Low CD4 cells	Normal	Normal to low			Respiratory and gastrointestinal infections, liver/biliary tract disease	Table 1 Immunodeficiencies affecting cellular and humoral immunity	Subtable 3 Combined Immunodeficiencies Generally Less Profound than Severe Combined Immunodeficiency	414
RFXANK	RFXANK	MHC class II deficiency group B	AR		false	true	false	603200	Low CD4 cells	Normal	Normal to low			Respiratory and gastrointestinal infections, liver/biliary tract disease	Table 1 Immunodeficiencies affecting cellular and humoral immunity	Subtable 3 Combined Immunodeficiencies Generally Less Profound than Severe Combined Immunodeficiency	415
RFXAP	RFXAP	MHC class II deficiency group D	AR		false	true	false	601861	Low CD4 cells	Normal	Normal to low			Respiratory and gastrointestinal infections, liver/biliary tract disease	Table 1 Immunodeficiencies affecting cellular and humoral immunity	Subtable 3 Combined Immunodeficiencies Generally Less Profound than Severe Combined Immunodeficiency	416
RHBDF2	RHBDF2	iRHOM deficiency	AR		false	true	false		Normal	Normal	High IgE			Infections, autoimmunity, pneumatoceles, severe colitis	Table 4 Diseases of Immune Dysregulation	Subtable 5 Immune Dysregulation with Colitis	417
RHOG	RHOG	RHOG deficiency	AR		false	true	false							Clinical features of HLH (hemophagocytosis, hepatosplenomegaly, fever, cytopenias, low hemoglobin, hyper-triglyceridemia, elevated ferritin/sCD25	Table 4 Diseases of Immune Dysregulation	Subtable 1 Familial Hemophagocytic Lymphohistiocytosis (FHL syndromes)	418
RHOH	RHOH	Rhoh Deficiency	AR		false	true	false	602037	Nl number, low naïve T cells, restricted repertoire, poor proliferation to CD3	Normal				HPV infection, lung granulomas, molluscum contagiosum, lymphoma	Table 1 Immunodeficiencies affecting cellular and humoral immunity	Subtable 3 Combined Immunodeficiencies Generally Less Profound than Severe Combined Immunodeficiency	419
RIPK1	RIPK1	RIPK1 deficiency	AR		false	true	false	618108	Low	Normal to low	Normal	Normal		Reccurrent infections, early-onset IBD, progressive polyarthritis	Table 4 Diseases of Immune Dysregulation	Subtable 5 Immune Dysregulation with Colitis	420
RIPK1	RIPK1	RIPK1 deficiency	AD		true	false	false							Autoinflamamtion with fver, HSM, ulcers, arthralgia, GI inflammation. Responds to tocilizumab	Table 7 Autoinflammatory Disorders	Subtable 2 Defects Affecting the Inflammasome	421
RIPK3	RIPK3	RIPK3 deficiency	AR		false	true	false						Neurons	HSE	Table 6 Defects in intrinsic and innate immunity	Subtable 4 Herpes Simplex Encephalitis (HSE)	422
RMRP	RMRP	Cartilage hair hypoplasia (CHH)	AR		false	true	false	157660	Varies from severely decreased (SCID) to normal, impaired lymphocyte proliferation	Normal		Variable		Short-limbed dwarfism with metaphyseal dysostosis, sparse hair, bone marrow failure, autoimmunity, susceptibility to lymphoma and other cancers, impaired spermatogenesis, neuronal dysplasia of the intestine	Table 2 Combined immunodeficiencies with associated or syndromic features	Subtable 4 Immuno-osseous Dysplasias	423
RNASEH2A	RNASEH2A	RNASEH2A deficiency, AGS4	AR		false	true	false	606034	Normal	Normal	Normal	Normal		Classical AGS	Table 7 Autoinflammatory Disorders	Subtable 1 Type 1 Interferonopathies	424
RNASEH2B	RNASEH2B	RNASEH2B deficiency, AGS2	AR		false	true	false	610326	Normal	Normal	Normal	Normal		Classical AGS, SP	Table 7 Autoinflammatory Disorders	Subtable 1 Type 1 Interferonopathies	425
RNASEH2C	RNASEH2C	RNASEH2C deficiency, AGS3	AR		false	true	false	610330	Normal	Normal	Normal	Normal		Classical AGS	Table 7 Autoinflammatory Disorders	Subtable 1 Type 1 Interferonopathies	426
RNASEL	RNASEL	RNASEL deficiency	AR		false	true	false							MISC	Table 6 Defects in intrinsic and innate immunity	Subtable 3 Predisposition to Severe Viral Infection	427
RNF168	RNF168	RNF168 deficiency (Radiosensitivity, Immune Deficiency, Dysmorphic features, Learning difficulties [RIDDLE] Syndrome)	AR		false	true	false	612688	Normal	Normal	Low IgG or IgA			Short stature, mild defect of motor control to ataxia, normal intelligence to learning difficulties, mild facial dysmorphism to microcephaly, increased radiosensitivity	Table 2 Combined immunodeficiencies with associated or syndromic features	Subtable 2 DNA Repair Defects other than those listed in Table 1	428
RNF31	RNF31	HOIP deficiency	AR		false	true	false	612487	Normal numbers	Normal, decreased memory B cells				Bacterial infections, autoinflammation, amylopectinosis, lymphangiectasia	Table 2 Combined immunodeficiencies with associated or syndromic features	Subtable 9 Other Combined immunodeficiencies wwith syndromic features	429
RNU4ATAC	RNU4ATAC	MOPD1 deficiency (Roifman syndrome)	AR		false	true	false	601428	Normal	Normal	Hypogammaglobulinemia, variably decreased specific antibodies			Recurrent bacterial infections, lymphadenopathy, Spondyloepiphyseal dysplasia, extreme intrauterine growth retardation, retinal dystrophy, facial dysmorphism, may present with microcephaly, short stature	Table 2 Combined immunodeficiencies with associated or syndromic features	Subtable 4 Immuno-osseous Dysplasias	430
RNU7-1	RNU7-1	RNU7-1 deficiency	AR		false	true	false	619487						AGS, Type I interferon in fibroblasts	Table 7 Autoinflammatory Disorders	Subtable 1 Type 1 Interferonopathies	431
RORC	RORC	RORgt deficiency	AR		false	true	false	602943						Susceptibility to mycobacteria and candida	Table 6 Defects in intrinsic and innate immunity	Subtable 1 Mendelian Susceptibility to mycobacterial disease (MSMD)	432
RPSA	RPSA	Isolated congenital asplenia (ICA) due to RPSA deficiency	AD		true	false	false	271400	Normal	Normal	Normal	Normal	No spleen	Bacteremia (encapsulated bacteria)	Table 6 Defects in intrinsic and innate immunity	Subtable 8 Other Inborn Errors of Immunity Related to Non-Hematopoietic Tissues	433
RTEL1	RTEL1	DKCA4	AD		true	false	false	615190	normal to low	Normal to low			Hematopoietic stem cell	Bone marrow failure, pulmonary and hepatic fibrosis, nail dystrophy, leukoplakia, reticulate skin pigmentation; microcephaly, neurodevelopmental delay	Table 9 Bone marrow failure		434
RTEL1	RTEL1	DKCB5	AR		false	true	false	615190	normal to low	low			Hematopoietic stem cell	nail dystrophy, leukoplakia, bone marrow failure, severe B-cell immunodeficiency, intrauterine growth retardation, growth retardation, microcephaly, cerebellar hypoplasia, and esophageal dysfunction	Table 9 Bone marrow failure		435
SAMD9	SAMD9	SAMD9 (GOF)	AD	GOF	true	false	false	617053	Not reported	Not reported				IUGR with gonadal abnormalities, adrenal failure, MDS with chromosome 7 aberrations, predisposition to infections, enteropathy, absent spleen	Table 9 Bone marrow failure		436
SAMD9L	SAMD9L	Ataxia Pancytopenia Syndrome	AD	GOF	true	false	false	611170	nl	low			Hematopoietic stem cell, myeloid cells	MDS, neurological features	Table 9 Bone marrow failure		437
SAMHD1	SAMHD1	SAMHD1 deficiency, AGS5	AR		false	true	false	606754	Normal	Normal	Normal	Normal		Classical AGS, FCL	Table 7 Autoinflammatory Disorders	Subtable 1 Type 1 Interferonopathies	438
SASH3	SASH3	SASH3 deficiency	XL		false	false	true		CD4+ T cell, NK cell lymphopenia low naïve CD4 and CD8 T cells	B cell lymphopenia hi BM plasmablasts	low serum IgG, IgA reduced specific Ab responses			Combined immunodeficiency and immune dysregulation, recurrent infections, autoimmune cytopenias.	Table 1 Immunodeficiencies affecting cellular and humoral immunity	Subtable 3 Combined Immunodeficiencies Generally Less Profound than Severe Combined Immunodeficiency	439
SBDS	SBDS	Shwachman-Diamond Syndrome due to SBSD deficiency	AR		false	true	false	607444				Low		Pancytopenia, exocrine pancreatic insufficiency, chondrodysplasia	Table 5 Congenital defects of phagocyte number or function	Subtable 1 Congenital Neutropenias	440
SEC61A1	SEC61A1	SEC61A1 deficiency	AD		true	false	false	609213			Low			Severe recurrent respiratory tract infections	Table 3 Predominantly Antibody Deficiencies	Subtable 2 CVID Phenotype	441
SEMA3E	SEMA3E	CHARGE syndrome due to SEMA3E deficiency	AD		true	false	false	608166	Decreased or normal, response to PHA may be decreased	Normal	Normal or decreased	Normal		Coloboma, heart anomaly, choanal atresia, intellectual retardation, genital and ear anomalies, CNS malformation, some are SCID-like and have low TRECs	Table 2 Combined immunodeficiencies with associated or syndromic features	Subtable 3 Thymic Defects with Additional Congenital Anomalies	442
SERPING1	SERPING1	C1 inhibitor deficiency	AD rarely AR		true	true	false	606860	Normal	Normal	Normal	Normal		Hereditary angioedema	Table 8 Complement Deficiencies		443
SGPL1	SGPL1	SGPL1 deficiency	AR		false	true	false	617575	Low	Low	Low maybe due to nephrotic syndrome		Low or normal NK cells.	Nephrotic syndrome, adrenal insufficiency, ichthyosis/acanthosis, dyslipidaemia, mild hypothyroidism, neurological defects	Table 2 Combined immunodeficiencies with associated or syndromic features	Subtable 9 Other Defects	444
SH2B3	SH2B3	SH2B3 deficiency	AR		false	true	false	605093						ALPS-like, pleomorphic autoimmunity	Table 4 Diseases of Immune Dysregulation	Subtable 4 Autoimmunity with or without Lymphoproliferation	445
SH2D1A	SH2D1A	SH2D1A (SAP) deficiency (XLP1)	XL		false	false	true	300490	Normal or Increased activated T cells	Reduced Memory B cells	Variable	Normal	Low iNKT	EBV, HLH, Lymphoproliferation, Aplastic anaemia	Table 4 Diseases of Immune Dysregulation	Subtable 7 Susceptibility to EBV and Lymphoproliferative Conditions	446
SH3BP2	SH3BP2	Cherubism	AD		true	false	false	118400					Stroma cells, bone cells	Bone degeneration in jaws	Table 7 Autoinflammatory Disorders	Subtable 3 Non-Inflammasome Related Conditions	447
SH3KBP1	SH3KBP1	SH3KBP1 (CIN85) deficiency	XL		false	false	true	300310			Low			Severe bacterial infections	Table 3 Predominantly Antibody Deficiencies	Subtable 2 CVID Phenotype	448
SHARPIN	SHARPIN	SHARPIN deficiency	AR		false	true	false			Low			Impaired germinal centers	Arthritis, fever, colitis, amylopectinosis	Table 7 Autoinflammatory Disorders	Subtable 3 Non-Inflammasome Related Conditions	449
SKIV2L	SKIV2L	Tricho-hepato-enteric syndrome due to SKIV2L mutations	AR		false	true	false	614602	Impaired function	Variably low switched memory B cells	Low			Respiratory infections,IUGR, facial dysmorphic features, wooly hair, early onset intractable diarrhea, liver cirrhosis, platelet abnormalities	Table 2 Combined immunodeficiencies with associated or syndromic features	Subtable 9 Other Combined immunodeficiencies wwith syndromic features	450
SLC19A1	SLC19A1	Folate malabsorption	AR		false	true	false		T cell proliferation reduced	Slightly low	Normal or low	Normal		Mucositis, megaloblastic anemia	Table 2 Combined immunodeficiencies with associated or syndromic features	Subtable 6 Defects of Vitamin B12 and Folate Metabolism	451
SLC29A3	SLC29A3	Hyperpigmentation hypertrichosis, histiocytosis-lymphadenopathy plus syndrome SLC29A3 mutation	AR		false	true	false	602782					Leukocytes, bone cells	Hyperpigmentation, hypertrichosis, histiocytosis, lymphadenopathy , clinodactyly, short stature, red cell aplasia	Table 7 Autoinflammatory Disorders	Subtable 3 Non-Inflammasome Related Conditions	452
SLC35C1	SLC35C1	Leukocyte adhesion deficiency type 2 (LAD2)	AR		false	true	false	605881				High		Mild LAD type 1 features with hh-blood group, growth retardation, developmental delay	Table 5 Congenital defects of phagocyte number or function	Subtable 2 Defects of Motility	453
SLC39A7	SLC39A7	SLC39A7 (ZIP7) deficiency	AR		false	true	false	601416		Very low	Very low			Early onset infections, blistering dermatosis, failure to thrive, thrombocytopenia	Table 3 Predominantly Antibody Deficiencies	Subtable 1 Agammaglobulinemia	454
SLC46A1	SLC46A1	SLC46A1/PCFT deficiency causing hereditary folate malabsorbtion	AR		false	true	false	229050	Variable numbers and activation profile	Variable	Low			Megaloblastic anemia, failure to thrive, if untreated for prolonged periods results in intellectual disability	Table 2 Combined immunodeficiencies with associated or syndromic features	Subtable 6 Defects of Vitamin B12 and Folate Metabolism	455
SLC7A7	SLC7A7	Lysinuric protein intolerance SLC7A7 deficiency	AR		false	true	false	222700	Normal	Normal			Activated macrophages	Lysinuric protein intolerance, bleeding tendency, alveolar proteinosis	Table 4 Diseases of Immune Dysregulation	Subtable 1 Familial Hemophagocytic Lymphohistiocytosis (FHL syndromes)	456
SLX4	SLX4	Fanconi Anemia Type P	AR		false	true	false	613951	normal to low	Normal to low			Hematopoietic stem cell	Normal to low NK, CNS, skeletal, skin, cardiac, GI, urogenital anomalies, increased chromosomal breakage	Table 9 Bone marrow failure		457
SMARCAL1	SMARCAL1	Schimke Immuno-osseous Dysplasia	AR		false	true	false	606622	Decreased	Normal		Variable		Short stature, spondiloepiphyseal dysplasia, intrauterine growth retardation, nephropathy, bacterial, viral, fungal infections, may present as SCID, bone marrow failure	Table 2 Combined immunodeficiencies with associated or syndromic features	Subtable 4 Immuno-osseous Dysplasias	458
SMARCD2	SMARCD2	SMARCD2 deficiency	AR		false	true	false	601736				Low		Neutropenia, developmental aberrations, skeletal abnormalities, hematopoietic stem cells, myelodysplasia	Table 5 Congenital defects of phagocyte number or function	Subtable 1 Congenital Neutropenias	459
SNORA31	SNORA31	SNORA31 deficiency	AD		true	false	false			Normal	Normal	Normal		Forebrain HSE	Table 6 Defects in intrinsic and innate immunity	Subtable 4 Herpes Simplex Encephalitis (HSE)	460
SNX10	SNX10	SNX10 deficiency associated osteopetrosis	AR		false	true	false	614780					Osteoclasts	Osteopetrosis with visual impairment	Table 6 Defects in intrinsic and innate immunity	Subtable 8 Other Inborn Errors of Immunity Related to Non-Hematopoietic Tissues	461
SOCS1	SOCS1	SOCS1 deficiency	AD	Haplosufficiency	true	false	false		Low CD4/CD8	Normal B cell numbers but low memory	Low immunogobulins			Multisystem autoimmunity, SLE features, psoriasis, MIS-C with COVID, type I IFN signature	Table 4 Diseases of Immune Dysregulation	Subtable 4 Autoimmunity with or without Lymphoproliferation	462
SP110	SP110	Hepatic veno-occlusive disease with immunodeficiency (VODI)	AR		false	true	false	604457	Normal (decreased memory T cells)	Normal (decreased memory B cells)	Low			Hepatic veno-occlusive disease, Susceptibility to Pneumocystis jirovecii pneumonia, CMV, candida, thrombocytopenia, hepatosplenomegaly, cerebrospinal leukodystrophy	Table 2 Combined immunodeficiencies with associated or syndromic features	Subtable 9 Other Combined immunodeficiencies wwith syndromic features	463
SPI1	SPI1	Pu.1 deficiency	AD		true	false	false		Normal numbers of T and NK cells, increased % CD8s	Decreased B. B cell development arrested at pro to pre–B stage	Undetectable		Decreased DC	Sinopulmonary infections with encapsulated bacteria. Viral infections in some patients incl paralysis in 1 following live polio vaccine	Table 3 Predominantly Antibody Deficiencies	Subtable 1 Agammaglobulinemia	464
SPINK5	SPINK5	Comel-Netherton syndrome	AR		false	true	false	605010	Normal	Low Switched and non-switched B cells	High IgE and IgA	Normal		Congenital ichthyosis, bamboo hair, atopic diathesis, increased bacterial infections, failure to thrive	Table 2 Combined immunodeficiencies with associated or syndromic features	Subtable 5 Hyper IgE Syndromes (HIES)	465
SPPL2A	SPPL2A	SPPL2a deficiency	AR		false	true	false		Poor Th1				CDC	Susceptibility to mycobacteria, Salmonella,	Table 6 Defects in intrinsic and innate immunity	Subtable 1 Mendelian Susceptibility to mycobacterial disease (MSMD)	466
SRP19	SRP19	SRP19 deficiency	AR		false	true	false					Low	Reduction in electron dense granules in PMN	Exocrine pancreatic insifficiency, poor growth, recurrent infections	Table 5 Congenital defects of phagocyte number or function	Subtable 1 Congenital Neutropenias	467
SRP54	SRP54	SRP54 deficiency	AD		true	false	false					Low		Schwachman Diamond features	Table 5 Congenital defects of phagocyte number or function	Subtable 1 Congenital Neutropenias	468
SRP72	SRP72	BMFS1 (SRP72-deficiency)	AD		true	false	false	602122					Hematopoietic stem cell	Bone marrow failure and congenital nerve deafness	Table 9 Bone marrow failure		469
SRPRA	SRPRA	SRPRA deficiency	AR		false	true	false						Reduction in electron dense granules in PMN	Exocrine pancreatic insifficiency, poor growth, recurrent infections	Table 5 Congenital defects of phagocyte number or function	Subtable 1 Congenital Neutropenias	470
STAT1	STAT1	STAT1 deficiency (AR LOF)	AR		false	true	false	600555					T and NK cells and monocytes	Severe viral infections, mycobacterial infection	Table 6 Defects in intrinsic and innate immunity	Subtable 3 Predisposition to Severe Viral Infection	471
STAT1	STAT1	STAT1 GOF	AD	GOF	true	false	false	600555	Variable	Variable	Variable	Normal	T cells, B cells, monocytes	CMC, various fungal, bacterial and viral (HSV) infections, auto-immunity (thyroiditis, diabetes, cytopenias), enteropathy	Table 6 Defects in intrinsic and innate immunity	Subtable 6 Predisposition to Mucocutaneous Candidiasis	472
STAT1	STAT1	STAT1 deficiency (AD LOF)	AD		true	false	false	600555	Normal	Normal	Normal	Normal		Susceptibility to mycobacteria, Salmonella,	Table 6 Defects in intrinsic and innate immunity	Subtable 1 Mendelian Susceptibility to mycobacterial disease (MSMD)	473
STAT2	STAT2	STAT2 deficiency	AR		false	true	false	600556					T and NK cells	Severe viral infections (disseminated vaccine-strain measles)	Table 6 Defects in intrinsic and innate immunity	Subtable 3 Predisposition to Severe Viral Infection	474
STAT2	STAT2	STAT2 GOF	AR	GOF	false	true	false		Variable		Low to normal		Variable NK counts	Severe fatal early onset autoinflammation (skin ulceration, fever, seizures, intracranial calcification, multiorgan dysfunction, abnormal neurodevelopment; phenocopy of USP18 deficiency).	Table 7 Autoinflammatory Disorders	Subtable 1 Type 1 Interferonopathies	475
STAT3	STAT3	AD-HIES Job syndrome	AD	LOF, DN	true	false	false	102582	Normal overall, Th-17 and T-follicular helper cells decreased	Normal, reduced switched and non-switched memory B cells, BAFF expression increased	High IgE	Normal		Distinctive facial features (broad nasal bridge), bacterial infections (boils and pulmonary abscesses, pneumatoceles) due to S. aureus, pulmonary aspergillus, Pneumocystis jirovecii, eczema, mucocutaneous candidiasis, hyperextensible joints, osteoporosis and bone fractures, scoliosis, retention of primary teeth, coronary and cerebral aneurysm formation	Table 2 Combined immunodeficiencies with associated or syndromic features	Subtable 5 Hyper IgE Syndromes (HIES)	476
STAT3	STAT3	STAT3 GOF mutation	AD	GOF	true	false	false	102582	Decreased	Decreased	Normal	Normal		Lymphoproliferation, solid organ autoimmunity, recurrent infections	Table 4 Diseases of Immune Dysregulation	Subtable 3 Regulatory T Cell Defects	477
STAT4	STAT4	Pansclerotic morphea	AD	GOF	true	false	false	620443	Low CD4 T cells					Skin sclerosis, poor wound healing, mucosal ulcers	Table 7 Autoinflammatory Disorders	Subtable 1 Type 1 Interferonopathies	478
STAT5B	STAT5B	STAT5b deficiency	AR		false	true	false	245590	Modestly decreased	Normal	Normal			Growth-hormone insensitive dwarfism, dysmorphic features, eczema, lymphocytic interstitial pneumonitis, autoimmunity	Table 2 Combined immunodeficiencies with associated or syndromic features	Subtable 9 Other Combined immunodeficiencies wwith syndromic features	479
STAT5B	STAT5B	STAT5b deficiency	AD	DN	true	false	false	604260	Normal	Normal	Increased igE			Growth-failure, eczema	Table 2 Combined immunodeficiencies with associated or syndromic features	Subtable 9 Other Combined immunodeficiencies wwith syndromic features	480
STAT6	STAT6	STAT6 disorder	AD	GOF	true	false	false	620532	Normal with Th2 skew	Normal	High IgE		Eosinophilia	Severe atopy, short stature	Table 2 Combined immunodeficiencies with associated or syndromic features	Subtable 5 Hyper IgE Syndromes (HIES)	481
STIM1	STIM1	STIM1 deficiency	AR		false	true	false	605921	Normal, defective TCR mediated activation	Normal	Normal			Autoimmunity, EDA, non-progressive myopathy	Table 2 Combined immunodeficiencies with associated or syndromic features	Subtable 8 Calcium Channel Defects	482
STING1	STING1	STING-like disease	AR	GOF	false	true	false				Increased			Failure to thrive; early onset rash, fever, dyspnea, interstitial lung disease/pneumonitis, polyarthritis, autoAbs, clubbing. Increased inflammatory markers, IFN gene signature. Phenocopy of SAVI due to AD GOF TMEM173 variants. 2 patients succumbed; 4 successfully treated with JAK inhibitors	Table 7 Autoinflammatory Disorders	Subtable 1 Type 1 Interferonopathies	483
STING1	STING1	STING--associated vasculopathy, infantile-onset	AD	GOF	true	false	false	612374						Skin vasculopathy, inflammatory lung disease, systemic autoinflammation and ICC, FCL	Table 7 Autoinflammatory Disorders	Subtable 1 Type 1 Interferonopathies	484
STK4	STK4	MST1 deficiency	AR		false	true	false	614868	Low, low terminal differentiated effector memory (TEMRA) cells, low naïve T cells, poor proliferation	Low				Intermittent neutropenia, bacterial, viral (HPV), candidal infections, EBV lymphoproliferation, autoimmune cytopenias, lymphoma, congenital heart disease	Table 1 Immunodeficiencies affecting cellular and humoral immunity	Subtable 3 Combined Immunodeficiencies Generally Less Profound than Severe Combined Immunodeficiency	485
STN1	STN1	Coats plus syndrome due to STN1 deficiency	AR		false	true	false	613128	Variable	Variable				Intrauterine growth retardation, premature aging, pancytopenia, hypocellular bone marrow, gastrointestinal hemorrhage due to vascular ectasia, intracranial calcification, abnormal telomeres	Table 9 Bone marrow failure		486
STX11	STX11	Syntaxin 11 deficiency (FHL4)	AR		false	true	false	605014	Increased activated T cells	Normal	Normal	Neutropenia with active HLH		Fever, HSM, cHLH, cytopenias,	Table 4 Diseases of Immune Dysregulation	Subtable 1 Familial Hemophagocytic Lymphohistiocytosis (FHL syndromes)	487
STXBP2	STXBP2	STXBP2 / Munc18-2 deficiency (FHL5)	AR		false	true	false	601717	Increased activated T cells	Normal	Normal	Neutropenia with active HLH		Fever, HSM, cHLH, cytopenias, enteropathy	Table 4 Diseases of Immune Dysregulation	Subtable 1 Familial Hemophagocytic Lymphohistiocytosis (FHL syndromes)	488
STXBP2	STXBP2	STXBP2 / Munc18-2 deficiency (FHL5)	AD		true	false	false	601717	Increased activated T cells	Normal	Normal	Neutropenia with active HLH		Fever, HSM, cHLH, cytopenias, enteropathy	Table 4 Diseases of Immune Dysregulation	Subtable 1 Familial Hemophagocytic Lymphohistiocytosis (FHL syndromes)	489
SYK	SYK	SYK disease	AD	GOF	true	false	false				Low IgG, IgM			Immune deficiency/recurrent infections, multi-organ inflammatory disease (colitis, arthritis, dermatitis), inflammation in multiple tissues (gut, skin, CNS, lung, liver). Diffuse large B cell lymphoma. High WBC counts, CRP	Table 7 Autoinflammatory Disorders	Subtable 3 Non-Inflammasome Related Conditions	490
TAP1	TAP1	MHC class I deficiency	AR		false	true	false	170260	Low CD8, Nl CD4, absent MHC I on lymphocytes	Normal	Normal			Vasculitis, pyoderma gangrenosum	Table 1 Immunodeficiencies affecting cellular and humoral immunity	Subtable 3 Combined Immunodeficiencies Generally Less Profound than Severe Combined Immunodeficiency	491
TAP2	TAP2	MHC class I deficiency	AR		false	true	false	170261	Low CD8, Nl CD4, absent MHC I on lymphocytes	Normal	Normal			Vasculitis, pyoderma gangrenosum	Table 1 Immunodeficiencies affecting cellular and humoral immunity	Subtable 3 Combined Immunodeficiencies Generally Less Profound than Severe Combined Immunodeficiency	492
TAPBP	TAPBP	MHC class I deficiency	AR		false	true	false	601962	Low CD8, Nl CD4, absent MHC I on lymphocytes	Normal	Normal			Vasculitis,pyoderma gangrenosum	Table 1 Immunodeficiencies affecting cellular and humoral immunity	Subtable 3 Combined Immunodeficiencies Generally Less Profound than Severe Combined Immunodeficiency	493
TAFAZZIN	TAZ	Barth Syndrome, (3-Methylglutaconic aciduria type II)	XL		false	false	true	300394				Low		Cardiomyopathy, myopathy, growth retardation	Table 5 Congenital defects of phagocyte number or function	Subtable 1 Congenital Neutropenias	494
TBK1	TBK1	TBK1 deficiency	AD		true	false	false	604834	Normal	Normal	Normal	Normal	CNS resident cells and fibroblasts	Herpes simplex virus 1 encephalitis	Table 6 Defects in intrinsic and innate immunity	Subtable 4 Herpes Simplex Encephalitis (HSE)	495
TBK1	TBK1	TBK1 deficiency	AR		false	true	false							Autoinflammation, delayed development	Table 7 Autoinflammatory Disorders	Subtable 3 Non-Inflammasome Related Conditions	496
TBX1	TBX1	TBX1 deficiency	AD		true	false	false	602054	Decreased or normal	Normal	Normal or decreased	Normal		Hypoparathyroidism, conotruncal cardiac malformation, velopalatal insufficiency, abnormal facies, intellectual disability	Table 2 Combined immunodeficiencies with associated or syndromic features	Subtable 3 Thymic Defects with Additional Congenital Anomalies	497
TBX21	TBX21	TBX21 deficiency	AR		false	true	false		Low MAIT, CXCR3 Th1 T cells	Normal	Normal			Susceptibility to mycobacteria	Table 6 Defects in intrinsic and innate immunity	Subtable 1 Mendelian Susceptibility to mycobacterial disease (MSMD)	498
TCF3	TCF3	E47 transcription factor deficiency	AD		true	false	false	147141		Very low	Very low			Recurrent bacterial infections	Table 3 Predominantly Antibody Deficiencies	Subtable 1 Agammaglobulinemia	499
TCF3	TCF3	E47 transcription factor deficiency	AR		false	true	false			Very low	Very low			Severe, recurrent bacterial infections, failure to thrive	Table 3 Predominantly Antibody Deficiencies	Subtable 1 Agammaglobulinemia	500
TCIRG1	TCIRG1	TCIRG1 deficiency associated osteopetrosis	AR		false	true	false	604592					Osteoclasts	Osteopetrosis with hypocalcemia	Table 6 Defects in intrinsic and innate immunity	Subtable 8 Other Inborn Errors of Immunity Related to Non-Hematopoietic Tissues	501
TCN2	TCN2	Transcobalamin 2 deficiency	AR		false	true	false	613441	Normal	Variable	Low	Variable		Megaloblastic anemia, pancytopenia, if untreated for prolonged periods results in intellectual disability	Table 2 Combined immunodeficiencies with associated or syndromic features	Subtable 6 Defects of Vitamin B12 and Folate Metabolism	502
TERC	TERC	DKCA1	AD		true	false	false	127550	normal to low	Normal to low			Hematopoietic stem cell	Bone marrow failure, pulmonary and hepatic fibrosis, nail dystrophy, leukoplakia, reticulate skin pigmentation; microcephaly, neurodevelopmental delay	Table 9 Bone marrow failure		503
TERT	TERT	DKCA2	AD		true	false	false	187270	normal to low	Normal to low			Hematopoietic stem cell	Bone marrow failure, pulmonary and hepatic fibrosis, nail dystrophy, leukoplakia, reticulate skin pigmentation; microcephaly, neurodevelopmental delay	Table 9 Bone marrow failure		504
TERT	TERT	DKCB4	AR		false	true	false	613989	normal to low	Normal to low			Hematopoietic stem cell	Bone marrow failure, pulmonary and hepatic fibrosis, nail dystrophy, leukoplakia, reticulate skin pigmentation; microcephaly, neurodevelopmental delay	Table 9 Bone marrow failure		505
TET2	TET2	TET2 deficiency	AR		false	true	false		High DN T cells, low TH1, Th17 and TFH	Normal numbers of B cells with low memory	Variable		Poor fas-mediated apoptosis	ALPS-like, viral ifnection, EBV+ lymphoma, FTT, developmenal delay, EBV viremia	Table 4 Diseases of Immune Dysregulation	Subtable 7 Susceptibility to EBV and Lymphoproliferative Conditions	506
TFRC	TFRC	TFRC deficiency	AR		false	true	false	616740	Nl number, poor proliferation	Nl number, low memory B cells		Low		Recurrent infections, thrombocytopenia	Table 1 Immunodeficiencies affecting cellular and humoral immunity	Subtable 3 Combined Immunodeficiencies Generally Less Profound than Severe Combined Immunodeficiency	507
TGFB1	TGFB1	TGFB1 deficiency	AR		false	true	false	618213	Normal	Normal	Normal	Normal		IBD, immunodeficiency, recurrent viral infections, microcephaly, and encephalopathy	Table 4 Diseases of Immune Dysregulation	Subtable 5 Immune Dysregulation with Colitis	508
TGFBR1	TGFBR1	Loeys Dietz syndrome due to TGFBR1 deficiency	AD		true	false	false	609192	Normal	Normal	Increased IgE	Normal		Recurrent respiratory infectons, eczema, food allergies, hyperextensible joints, scoliosis, retention of primary teeths, aortic anuerysms.	Table 2 Combined immunodeficiencies with associated or syndromic features	Subtable 5 Hyper IgE Syndromes (HIES)	509
TGFBR2	TGFBR2	Loeys Dietz syndrome due to TGFBR2 deficiency	AD		true	false	false	610168	Normal	Normal	Increased IgE	Normal		Recurrent respiratory infectons, eczema, food allergies, hyperextensible joints, scoliosis, retention of primary teeths, aortic anuerysms.	Table 2 Combined immunodeficiencies with associated or syndromic features	Subtable 5 Hyper IgE Syndromes (HIES)	510
THBD	THBD	Thrombomodulin deficiency	AD		true	false	false	188040	Normal	Normal	Normal	Normal		Atypical hemolytic-uremic syndrome	Table 8 Complement Deficiencies		511
TICAM1	TICAM1	TRIF deficiency	AD		true	false	false	607601	Normal	Normal	Normal	Normal	CNS resident cells and fibroblasts	Herpes simplex virus 1 encephalitis	Table 6 Defects in intrinsic and innate immunity	Subtable 4 Herpes Simplex Encephalitis (HSE)	512
TICAM1	TICAM1	TRIF deficiency	AR		false	true	false	607601	Normal	Normal	Normal	Normal	CNS resident cells and fibroblasts	Herpes simplex virus 1 encephalitis	Table 6 Defects in intrinsic and innate immunity	Subtable 4 Herpes Simplex Encephalitis (HSE)	513
TINF2	TINF2	DKCA3	AD		true	false	false	604319	normal to low	Normal to low			Hematopoietic stem cell	Bone marrow failure, pulmonary and hepatic fibrosis, nail dystrophy, leukoplakia, reticulate skin pigmentation; microcephaly, neurodevelopmental delay	Table 9 Bone marrow failure		514
TIRAP	TIRAP	TIRAP deficiency	AR		false	true	false	614382	Normal	Normal	Normal	Normal	Lymphocytes + Granulocytes+ Monocytes	Staphylococcal disease during childhood	Table 6 Defects in intrinsic and innate immunity	Subtable 7 TLR Signaling Pathway Deficiency with Bacterial Susceptibility	515
TLR3	TLR3	TLR3 deficiency	AD		true	false	false	603029	Normal	Normal	Normal	Normal	Central nervous system (CNS) resident cells and fibroblasts	Herpes simplex virus 1 encephalitis (incomplete clinical penetrance for all etiologies listed here)	Table 6 Defects in intrinsic and innate immunity	Subtable 4 Herpes Simplex Encephalitis (HSE)	516
TLR3	TLR3	TLR3 deficiency	AR		false	true	false	603029	Normal	Normal	Normal	Normal	Central nervous system (CNS) resident cells and fibroblasts	Herpes simplex virus 1 encephalitis (incomplete clinical penetrance for all etiologies listed here)	Table 6 Defects in intrinsic and innate immunity	Subtable 4 Herpes Simplex Encephalitis (HSE)	517
TLR4	TLR4	TLR4 deficiency	AR		false	true	false							IBD	Table 6 Defects in intrinsic and innate immunity	Subtable 7 TLR Signaling Pathway Deficiency	518
TLR7	TLR7	TLR7 deficiency	AD	GOF	true	false	false	301080	Normal	Normal				Childhood onset SLE, other autoimmunity	Table 4 Diseases of Immune Dysregulation	Subtable 4 Autoimmunity with or without Lymphoproliferation	519
TLR7	TLR7	TLR7 deficiency	XL		false	false	true							COVID-19 susceptibility	Table 6 Defects in intrinsic and innate immunity	Subtable 3 Predisposition to Severe Viral Infection	520
TLR8	TLR8	TLR8 disease	XL	GOF	false	false	true		Normal	Altered maturation	Normal to increased	Neutropenia	Low pDC	Infections, lymphoproliferation, hepatosplenomegaly, lymphadenopathy. Infectious susceptibility, BM failure. Severe chronic AIHA (post-infections), progressive autoinflammatory disease. Proinﬂammatory phenotype with activated T cells, elevated serum cytokines associated with impaired B-cell maturation	Table 6 Defects in intrinsic and innate immunity	Subtable 7 TLR Signaling Pathway Deficiency with Bacterial Susceptibility	521
TMC6	TMC6	EVER1 deficiency	AR		false	true	false	605828					Keratinocytes and leukocytes	Human papillomavirus (HPV) (group B1) infections and cancer of the skin (typical EV)	Table 6 Defects in intrinsic and innate immunity	Subtable 2 Epidermodysplasia verruciformis (HPV)	522
TMC8	TMC8	EVER2 deficiency	AR		false	true	false	605829					Keratinocytes and leukocytes	HPV (group B1) infections and cancer of the skin (typical EV)	Table 6 Defects in intrinsic and innate immunity	Subtable 2 Epidermodysplasia verruciformis (HPV)	523
TNFAIP3	TNFAIP3	A20 deficiency	AD		true	false	false	616744					Lymphocytes	Arthralgia, mucosal ulcers, ocular inflammation	Table 7 Autoinflammatory Disorders	Subtable 3 Non-Inflammasome Related Conditions	524
TNFRSF11A	TNFRSF11A	TNFRSF11A deficiency associated osteopetrosis	AR		false	true	false	603499					Osteoclasts	Osteopetrosis	Table 6 Defects in intrinsic and innate immunity	Subtable 8 Other Inborn Errors of Immunity Related to Non-Hematopoietic Tissues	525
TNFRSF13B	TNFRSF13B	TACI deficiency	AD or AR		true	true	false	604907			Normal to low			Variable clinical expression	Table 3 Predominantly Antibody Deficiencies	Subtable 2 CVID Phenotype	526
TNFRSF13C	TNFRSF13C	BAFF receptor deficiency	AR		false	true	false	606269			Low			Variable clinical expression	Table 3 Predominantly Antibody Deficiencies	Subtable 2 CVID Phenotype	527
TNFRSF1A	TNFRSF1A	TNF receptor-associated periodic syndrome (TRAPS)	AD		true	false	false	142680	Normal	Normal	Normal	Normal	PMNs, monocytes	Recurrent fever, serositis, rash, and ocular or joint inflammation	Table 7 Autoinflammatory Disorders	Subtable 3 Non-Inflammasome Related Conditions	528
TNFRSF4	TNFRSF4	OX40 deficiency	AR		false	true	false	615593	Nl numbers, low antigen specific memory CD4+	Nl numbers, low memory B cells				Impaired immunity to HHV8, Kaposi’s sarcoma	Table 1 Immunodeficiencies affecting cellular and humoral immunity	Subtable 3 Combined Immunodeficiencies Generally Less Profound than Severe Combined Immunodeficiency	529
FAS	TNFRSF6	ALPS-FAS	AD		true	false	false	134637	Increased CD4-CD8-TCR a/bdouble negative (DN) T cells	Normal, low memory B cells	Normal	Normal		Splenomegaly, adenopathies, autoimmune cytopenias, increased lymphoma risk, IgG and A normal or increased, elevated serum FasL and IL-10, vitamin B12	Table 4 Diseases of Immune Dysregulation	Subtable 6 Autoimmune Lymphoproliferative Syndrome (ALPS, Canale Smith syndrome)	530
FAS	TNFRSF6	ALPS-FAS	AR		false	true	false	134637	Increased CD4-CD8-TCR a/bdouble negative (DN) T cells	Normal, low memory B cells	Normal	Normal		Splenomegaly, adenopathies, autoimmune cytopenias, increased lymphoma risk, IgG and A normal or increased, elevated serum FasL and IL-10, vitamin B12	Table 4 Diseases of Immune Dysregulation	Subtable 6 Autoimmune Lymphoproliferative Syndrome (ALPS, Canale Smith syndrome)	531
TNFRSF9	TNFRSF9	CD137 deficiency (41BB)	AR		false	true	false	602250	Normal	Normal	Low	Normal		EBV lymphoproliferation, B-cell lymphoma	Table 4 Diseases of Immune Dysregulation	Subtable 7 Susceptibility to EBV and Lymphoproliferative Conditions	532
TNFSF11	TNFSF11	TNFSF11 deficiency associated osteopetrosis	AR		false	true	false	602642					Stromal	Osteopetrosis with severe growth retardation	Table 6 Defects in intrinsic and innate immunity	Subtable 8 Other Inborn Errors of Immunity Related to Non-Hematopoietic Tissues	533
TNFSF12	TNFSF12	TWEAK deficiency	AD		true	false	false	602695			Low IgM and A, lack of anti-pneumococcal antibody	Low		Pneumonia, bacterial infections, warts, thrombocytopenia.	Table 3 Predominantly Antibody Deficiencies	Subtable 2 CVID Phenotype	534
TNFSF13	TNFSF13	TNFSF13 (APRIL) deficiency	AR		false	true	false		Normal	Normal B cell count with low memory B cells and plasmablasts	Low IgG			Mild infections	Table 3 Predominantly Antibody Deficiencies	Subtable 3 Severe Reduction in Serum IgG and IgA with Normal/Elevated IgM and Normal Numbers of B cells, Hyper IgM	535
FASLG	TNFSF6	ALPS-FASLG	AR		false	true	false	134638	Increased DN T cells	Normal	Normal	Normal		Splenomegaly, adenopathies, autoimmune cytopenias, SLE, soluble FasL is not elevated	Table 4 Diseases of Immune Dysregulation	Subtable 6 Autoimmune Lymphoproliferative Syndrome (ALPS, Canale Smith syndrome)	536
TNFSF9	TNFSF9	4-1 BBL deficiency	AR		false	true	false	620282	Normal	Normal			Low CD137L after stimulation	EBV in B cellsa nd smooth muscle	Table 4 Diseases of Immune Dysregulation	Subtable 7 Susceptibility to EBV and Lymphoproliferative Conditions	537
TOP2B	TOP2B	Hoffman syndrome/TOP2B deficiency	AD		true	false	false	126431		Very low	Very low			Recurrent infections, facial dysmorphism, limb anomalies	Table 3 Predominantly Antibody Deficiencies	Subtable 1 Agammaglobulinemia	538
TP53	TP53	BMFS5	AD		true	false	false	618165	NA	Low			Hematopoietic stem cell	Erythroid hypoplasia, B-cell deficiency	Table 9 Bone marrow failure		539
TPP2	TPP2	Tripeptidyl-Peptidase II Deficiency	AR		false	true	false	190470	Decreased	Decreased	High			Variable lymphoproliferation, severe autoimmune cytopenias, recurrent infections	Table 4 Diseases of Immune Dysregulation	Subtable 4 Autoimmunity with or without Lymphoproliferation	540
TRAC	TRAC	TCRα deficiency	AR		false	true	false	615387	Absent TCRαβ, all T cells are γδ, poor proliferation	Normal				Recurrent viral, bacterial, fungal infections, immune dysregulation and autoimmunity, diarrhea	Table 1 Immunodeficiencies affecting cellular and humoral immunity	Subtable 3 Combined Immunodeficiencies Generally Less Profound than Severe Combined Immunodeficiency	541
TRAF3	TRAF3	TRAF3 haplosufficiency	AD		true	false	false	614849	Low	Low class switched B cells	High IgG			ALPS-like, infections, various autoimmune and atopic features	Table 4 Diseases of Immune Dysregulation	Subtable 4 Autoimmunity with or without Lymphoproliferation	542
TRAF3	TRAF3	TRAF3 deficiency	AD		true	false	false	601896	Normal	Normal	Normal	Normal	CNS resident cells and fibroblasts	Herpes simplex virus 1 encephalitis	Table 6 Defects in intrinsic and innate immunity	Subtable 4 Herpes Simplex Encephalitis (HSE)	543
TRAF3IP2	TRAF3IP2	ACT1 deficiency	AR		false	true	false	607043	Normal	Normal	Normal	Normal	T cells, fibroblasts	CMC, blepharitis, folliculitis and macroglossia	Table 6 Defects in intrinsic and innate immunity	Subtable 6 Predisposition to Mucocutaneous Candidiasis	544
TREX1	TREX1	TREX1 deficiency, Aicardi-Goutieres syndrome 1 (AGS1)	AR		false	true	false	606609	Normal	Normal	Normal	Normal		Classical AGS, SLE, FCL	Table 7 Autoinflammatory Disorders	Subtable 1 Type 1 Interferonopathies	545
TREX1	TREX1	TREX1 deficiency, Aicardi-Goutieres syndrome 1 (AGS1)	AD		true	false	false	606609	Normal	Normal	Normal	Normal		Classical AGS, SLE, FCL	Table 7 Autoinflammatory Disorders	Subtable 1 Type 1 Interferonopathies	546
TRIM22	TRIM22	TRIM22	AR		false	true	false	606559	Normal	Normal	Normal	Normal	Macrophages, intestinal epithelial cells	Granulomatous colitis	Table 7 Autoinflammatory Disorders	Subtable 3 Non-Inflammasome Related Conditions	547
TRNT1	TRNT1	TRNT1 deficiency	AR		false	true	false	612907		Low	Low			congenital sideroblastic anemia, deafness, developmental delay	Table 3 Predominantly Antibody Deficiencies	Subtable 2 CVID Phenotype	548
TTC37	TTC37	Tricho-hepato-enteric syndrome due to TTC37 mutations	AR		false	true	false	222470	Impaired function	Variably low switched memory B cells	Low			Respiratory infections,IUGR, facial dysmorphic features, wooly hair, early onset intractable diarrhea, liver cirrhosis, platelet abnormalities	Table 2 Combined immunodeficiencies with associated or syndromic features	Subtable 9 Other Combined immunodeficiencies wwith syndromic features	549
TTC7A	TTC7A	Immunodeficiency with multiple intestinal atresias	AR		false	true	false	609332	Variable, but sometimes absent low TRECs	Normal or low	Low	Normal		Bacterial (sepsis), fungal, viral infections, multiple intestinal atresias, often with intrauterine polyhydramnios and early demise, some with SCID phenotype	Table 2 Combined immunodeficiencies with associated or syndromic features	Subtable 9 Other Combined immunodeficiencies wwith syndromic features	550
TYK2	TYK2	Tyk2 deficiency	AR		false	true	false	176941					Normal, but multiple cytokine signaling defect	Susceptibility to intracellular bacteria (mycobacteria, Salmonella), viruses, +/- elevated IgE	Table 6 Defects in intrinsic and innate immunity	Subtable 1 Mendelian Susceptibility to mycobacterial disease (MSMD)	551
TYK2	TYK2	P1104A TYK2 homozygosity	AR		false	true	false							Susceptibility to mycobacteria	Table 6 Defects in intrinsic and innate immunity	Subtable 1 Mendelian Susceptibility to mycobacterial disease (MSMD)	552
UBE2T	UBE2T	Fanconi Anemia Type T	AR		false	true	false	616435	normal to low	Normal to low			Hematopoietic stem cell	normal to low NK, CNS, skeletal, skin, cardiac, GI, urogenital anomalies, increased chromosomal breakage	Table 9 Bone marrow failure		553
UNC13D	UNC13D	UNC13D / Munc13-4 deficiency (FHL3)	AR		false	true	false	608897	Increased activated T cells	Normal	Normal	Neutropenia with active HLH		Fever, HSM, HLH, cytopenias	Table 4 Diseases of Immune Dysregulation	Subtable 1 Familial Hemophagocytic Lymphohistiocytosis (FHL syndromes)	554
UNC93B1	UNC93B1	UNC93B1 deficiency	AD	GOF	true	false	false		Low CD4	High plasmablasts			Type I interferon signature	Childhood onset SLE, other autoimmunity	Table 4 Diseases of Immune Dysregulation	Subtable 4 Autoimmunity with or without Lymphoproliferation	555
UNC93B1	UNC93B1	UNC93B1 deficiency	AR		false	true	false	608204	Normal	Normal	Normal	Normal	CNS resident cells and fibroblasts	Herpes simplex virus 1 encephalitis, severe COVID-19	Table 6 Defects in intrinsic and innate immunity	Subtable 4 Herpes Simplex Encephalitis (HSE)	556
UNG	UNG	UNG deficiency	AR		false	true	false	191525			Low IgG and IgA with normal or high IgM			Enlarged lymph nodes and germinal centers	Table 3 Predominantly Antibody Deficiencies	Subtable 3 Severe Reduction in Serum IgG and IgA with Normal/Elevated IgM and Normal Numbers of B cells, Hyper IgM	557
	Unknown	Common variable immune deficiency with no gene defect specified (CVID)	Variable		false	false	false		Variable	Variable	Low IgG and IgA and/or IgM			Clinical phenotypes vary: most have recurrent infections, some have polyclonal lymphoproliferation, autoimmune cytopenias and/or granulomatous disease	Table 3 Predominantly Antibody Deficiencies	Subtable 2 CVID Phenotype	558
	Unknown	Isolated IgG subclass deficiency	?		false	false	false		Normal	Normal	Variable			Usually asymptomatic, a minority may have poor antibody response to specific antigens and recurrent viral/bacterial infections	Table 3 Predominantly Antibody Deficiencies	Subtable 4 Isotype, Light Chain, or Functional Deficiencies with Generally Normal Numbers of B Cells	559
	Unknown	IgG subclass deficiency with IgA deficiency	?		false	false	false		Normal	Normal	Variable total IgG with low IgA			Recurrent bacterial infections	Table 3 Predominantly Antibody Deficiencies	Subtable 4 Isotype, Light Chain, or Functional Deficiencies with Generally Normal Numbers of B Cells	560
	Unknown	Selective IgA deficiency	?		false	false	false		Normal	Normal	Low IgA			Bacterial infections, autoimmunity mildly increased	Table 3 Predominantly Antibody Deficiencies	Subtable 4 Isotype, Light Chain, or Functional Deficiencies with Generally Normal Numbers of B Cells	561
	Unknown	Specific antibody deficiency with normal Ig levels and normal B cells	?		false	false	false		Normal	Normal	Normal			Reduced ability to produce antibodies to specific antigens	Table 3 Predominantly Antibody Deficiencies	Subtable 4 Isotype, Light Chain, or Functional Deficiencies with Generally Normal Numbers of B Cells	562
	Unknown	Transient hypogammaglobuliemia of infancy	?		false	false	false		Normal	Normal	Low			Normal ability to produce antibodies to vaccine antigens, usually not associated with significant infections	Table 3 Predominantly Antibody Deficiencies	Subtable 4 Isotype, Light Chain, or Functional Deficiencies with Generally Normal Numbers of B Cells	563
	Unknown	Selective IgM deficiency	?		false	false	false				Low IgM			Pneumococcal / bacterial infections	Table 3 Predominantly Antibody Deficiencies	Subtable 4 Isotype, Light Chain, or Functional Deficiencies with Generally Normal Numbers of B Cells	564
	Unknown / environment	DiGeorge/velocardiofacial syndrome	Sporadic/toxin exposure		false	false	false		Decreased or normal	Normal	Normal or decreased	Normal		Hypoparathyroidism, conotruncal cardiac malformation, velopalatal insufficiency, abnormal facies, intellectual disability	Table 2 Combined immunodeficiencies with associated or syndromic features	Subtable 3 Thymic Defects with Additional Congenital Anomalies	565
	Unknown / environment	CHARGE syndrome			false	false	false		Decreased or normal, response to PHA may be decreased	Normal	Normal or decreased	Normal		Coloboma, heart anomaly, choanal atresia, intellectual disability, genital and ear anomalies, CNS malformation, some are SCID-like and have low TRECs	Table 2 Combined immunodeficiencies with associated or syndromic features	Subtable 3 Thymic Defects with Additional Congenital Anomalies	566
USB1	USB1	Clericuzio syndrome (Poikiloderma with neutropenia)	AR		false	true	false	613276				Low		Retinopathy, developmental delay, facial dysmorphisms, poikiloderma	Table 5 Congenital defects of phagocyte number or function	Subtable 1 Congenital Neutropenias	567
USP18	USP18	USP18 deficiency	AR		false	true	false	607057						TORCH like syndrome	Table 7 Autoinflammatory Disorders	Subtable 1 Type 1 Interferonopathies	568
VPS13B	VPS13B	Cohen syndrome	AR		false	true	false	607817				Low		Dysmorphism, mental retardation, obesity, deafness, neutropenia	Table 5 Congenital defects of phagocyte number or function	Subtable 1 Congenital Neutropenias	569
VPS45	VPS45	VPS45 deficiency (SCN5)	AR		false	true	false	610035				Low		Extramedullary hematopoiesis, bone marrow fibrosis, nephromegaly	Table 5 Congenital defects of phagocyte number or function	Subtable 1 Congenital Neutropenias	570
WAS	WAS	Wiskott-Aldrich syndrome (WAS LOF)	XL		false	false	true	300392	Progressive decrease in numbers, Abnormal lymphocyte responses to anti-CD3	Normal numbers	High IgE, low IgM			Thrombocytopenia with small platelets, recurrent bacterial and viral infections, bloody diarrhea, eczema, lymphoma, autoimmune disease, IgA nephropathy, vasculitis. XL thrombocytopenia is a mild form of WAS	Table 2 Combined immunodeficiencies with associated or syndromic features	Subtable 1 Immunodeficiency with Congenital Thrombocytopenia	571
WAS	WAS	X-linked neutropenia/ myelodysplasia WAS GOF	XL	GOF	false	false	true	300392				Low		Neutropenia, myeloid maturation arrest, monocytopenia, variable lymphoid anomalies	Table 5 Congenital defects of phagocyte number or function	Subtable 1 Congenital Neutropenias	572
WDR1	WDR1	WDR1 deficiency (Lazy leukocyte)	AR		false	true	false	604734				Low		Mild neutropenia, poor wound healing, severe stomatitis, neutrophil nuclei herniate	Table 5 Congenital defects of phagocyte number or function	Subtable 2 Defects of Motility	573
WIPF1	WIPF1	WIP deficiency	AR		false	true	false	602357	Reduced, defective lymphocyte responses to anti-CD3	Normal or low	High IgE			Thrombocytopenia with or without small platelets, recurrent bacterial and viral infections, eczema, bloody diarrhea, WAS protein absent	Table 2 Combined immunodeficiencies with associated or syndromic features	Subtable 1 Immunodeficiency with Congenital Thrombocytopenia	574
WRAP53	WRAP53	DKCB3	AR		false	true	false	613988	normal to low	Normal to low			Hematopoietic stem cell	Bone marrow failure, pulmonary and hepatic fibrosis, nail dystrophy, leukoplakia, reticulate skin pigmentation; microcephaly, neurodevelopmental delay	Table 9 Bone marrow failure		575
XIAP	XIAP	XIAP deficiency (XLP2)	XL		false	false	true	300079	Normal or Increased activated T cells; low/normal iNK T cells	Normal or reduced Memory B cells	Variable	Normal		EBV infection, Splenomegaly, lymphoproliferation, HLH, Colitis, IBD, hepatitis, Low iNKT cells, hypogammaglobulinemia	Table 4 Diseases of Immune Dysregulation	Subtable 7 Susceptibility to EBV and Lymphoproliferative Conditions	576
XRCC2	XRCC2	Fanconi Anemia Type U	AR		false	true	false	617247	normal to low	Normal to low			Hematopoietic stem cell	normal to low NK, CNS, skeletal, skin, cardiac, GI, urogenital anomalies, increased chromosomal breakage	Table 9 Bone marrow failure		577
FANCG	XRCC9	Fanconi Anemia Type G	AR		false	true	false	614082	normal to low	Normal to low			Hematopoietic stem cell	Normal to low NK, CNS, skeletal, skin, cardiac, GI, urogenital anomalies, increased chromosomal breakage	Table 9 Bone marrow failure		578
ZAP70	ZAP70	ZAP-70 deficiency (ZAP70 LOF)	AR		false	true	false	176947	Low CD8, Nl CD4 number but poor function	Normal	Nl			May have immune dysregulation, autoimmunity	Table 1 Immunodeficiencies affecting cellular and humoral immunity	Subtable 3 Combined Immunodeficiencies Generally Less Profound than Severe Combined Immunodeficiency	579
ZAP70	ZAP70	ZAP70 combined hypomorphic GOF	AR	LOF GOF	false	true	false	176947	Decreased CD8, normal or decreased CD4 cells	Normal or decreased				Severe autoimmunity	Table 1 Immunodeficiencies affecting cellular and humoral immunity	Subtable 3 Combined Immunodeficiencies Generally Less Profound than Severe Combined Immunodeficiency	580
ZBTB24	ZBTB24	Immunodeficiency with centromeric instability and facial anomalies, ICF2	AR		false	true	false	614064	Decreased or normal	Decreased or normal	Variably low IgG, IgA			Facial dysmorphic features, macroglossia, bacterial/opportunistic infections, malabsorption, cytopenias, malignancies, multiradial configurations of chromosomes 1, 9, 16	Table 2 Combined immunodeficiencies with associated or syndromic features	Subtable 2 DNA Repair Defects other than those listed in Table 1	581
ZNF341	ZNF341	ZNF341 deficiency AR-HIES	AR		false	true	false	618282	Decreased Th17 cells	Decreased memory B cells	High IgE and IgG	Normal		Bacterial infections, mild facial dysmorphism, pneumatoceles, hyperextensible joints, bone fractures, retention of primary teeth	Table 2 Combined immunodeficiencies with associated or syndromic features	Subtable 5 Hyper IgE Syndromes (HIES)	582
ZNFX1	ZNFX1	ZNFX1 deficiency	AR		false	true	false		Normal lymphocyte numbers, intact T cell function	Low	Normal			severe infections by RNA/DNA viruses, early-onset, systemic, severe, acute inflammation with major dysfunctions of liver, brain, kidneys, lungs. Virally triggered inflammatory episodes (HLH, intermittent monocytosis, thrombocytopenia, hepatosplenomegaly, lymphadenopathy. Mycobacterial disease (BCGosis, disseminated TB). High mortality. Increased ISG in response to poly I/C	Table 6 Defects in intrinsic and innate immunity	Subtable 3 Predisposition to Severe Viral Infection	583
